fecha,valor
3/7/2009,55.9464938462
3/8/2009,52.8125271429
3/9/2009,51.9613371429
3/10/2009,51.5778514286
3/11/2009,51.85102
3/12/2009,51.6857085714
3/13/2009,51.6447607143
3/14/2009,51.5733271429
3/15/2009,51.7436421429
3/16/2009,51.602375
3/17/2009,51.7565035714
3/18/2009,52.5464178571
3/19/2009,51.7597585714
3/20/2009,51.7253107143
3/21/2009,51.6640392857
3/22/2009,51.5324585714
3/23/2009,51.4588085714
3/24/2009,51.4618178571
3/25/2009,51.4890442857
3/26/2009,51.569675
3/27/2009,51.7280085714
3/28/2009,51.959675
3/29/2009,52.0488064286
3/30/2009,52.2469821429
3/31/2009,52.7116635714
4/1/2009,52.6928514286
4/2/2009,52.7794421429
4/3/2009,52.7381728571
4/4/2009,52.7444371429
4/5/2009,53.2457842857
4/6/2009,53.2616607143
4/7/2009,53.2480914286
4/8/2009,53.4323707143
4/9/2009,53.03293
4/10/2009,53.0612557143
4/11/2009,52.723325
4/12/2009,52.8165821429
4/13/2009,53.080785
4/14/2009,53.6061085714
4/15/2009,53.1518964286
4/16/2009,53.0422178571
4/17/2009,53.3721392857
4/18/2009,53.5407921429
4/19/2009,53.9060464286
4/20/2009,53.8890392857
4/21/2009,53.50023
4/22/2009,53.0804657143
4/23/2009,53.0474892857
4/24/2009,52.746185
4/25/2009,53.181185
4/26/2009,52.4727678571
4/27/2009,52.3507871429
4/28/2009,52.5515771429
4/29/2009,52.293325
4/30/2009,52.1039607143
5/1/2009,51.2343992857
5/2/2009,51.32928
5/3/2009,51.3645942857
5/4/2009,51.2182421429
5/5/2009,51.0496014286
5/6/2009,51.7476942857
5/7/2009,51.9507871429
5/8/2009,51.5010278571
5/9/2009,51.5877707143
5/10/2009,51.7737228571
5/11/2009,51.872675
5/12/2009,52.0383278571
5/13/2009,51.7844321429
5/14/2009,51.6730107143
5/15/2009,52.1278392857
5/16/2009,51.6740871429
5/17/2009,51.1096778571
5/18/2009,50.5072964286
5/19/2009,51.0335657143
5/20/2009,51.2212607143
5/21/2009,51.0230892857
5/22/2009,51.4471778571
5/23/2009,51.4822178571
5/24/2009,51.6843564286
5/25/2009,51.34793
5/26/2009,51.373725
5/27/2009,51.308725
5/28/2009,51.65603
5/29/2009,51.6275278571
5/30/2009,51.7031678571
5/31/2009,52.2334871429
6/1/2009,52.2453064286
6/2/2009,52.1028564286
6/3/2009,52.3290492857
6/4/2009,52.1757585714
6/5/2009,52.2476892857
6/6/2009,51.8306442857
6/7/2009,51.516975
6/8/2009,51.8024585714
6/9/2009,52.490235
6/10/2009,52.794435
6/11/2009,52.802935
6/12/2009,52.9212678571
6/13/2009,53.0638057143
6/14/2009,53.0016635714
6/15/2009,52.9293628571
6/16/2009,53.0802371429
6/17/2009,53.2465014286
6/18/2009,53.165385
6/19/2009,53.5597585714
6/20/2009,53.797375
6/21/2009,53.4581678571
6/22/2009,53.6544321429
6/23/2009,53.7155485714
6/24/2009,48.9961871429
6/25/2009,49.2307107143
6/26/2009,49.0980921429
6/27/2009,49.1859485714
6/28/2009,49.40333
6/29/2009,49.5442821429
6/30/2009,49.89523
7/1/2009,49.8666585714
7/2/2009,49.9064278571
7/3/2009,49.9778535714
7/4/2009,49.9047557143
7/5/2009,49.5111821429
7/6/2009,49.2573707143
7/7/2009,49.3730892857
7/8/2009,49.652135
7/9/2009,49.6040421429
7/10/2009,49.3933278571
7/11/2009,49.2026107143
7/12/2009,49.5835657143
7/13/2009,48.9964207143
7/14/2009,49.5626107143
7/15/2009,49.9385707143
7/16/2009,50.2792821429
7/17/2009,50.3649942857
7/18/2009,50.526825
7/19/2009,50.2876157143
7/20/2009,50.2378514286
7/21/2009,50.2735657143
7/22/2009,50.39833
7/23/2009,50.8009442857
7/24/2009,50.6333321429
7/25/2009,50.7114228571
7/26/2009,50.6078514286
7/27/2009,50.7690442857
7/28/2009,51.0397557143
7/29/2009,51.3649964286
7/30/2009,51.1221371429
7/31/2009,51.2621371429
8/1/2009,51.54357
8/2/2009,51.4802342857
8/3/2009,51.0821392857
8/4/2009,50.8109442857
8/5/2009,50.653325
8/6/2009,51.1390442857
8/7/2009,51.0702371429
8/8/2009,51.1833271429
8/9/2009,51.1690414286
8/10/2009,51.3195157143
8/11/2009,50.8778485714
8/12/2009,50.6290464286
8/13/2009,50.6973771429
8/14/2009,50.7235657143
8/15/2009,50.7488035714
8/16/2009,50.49302
8/17/2009,50.4954657143
8/18/2009,50.5807035714
8/19/2009,50.2433271429
8/20/2009,50.4421342857
8/21/2009,50.5526085714
8/22/2009,51.254275
8/23/2009,51.3323771429
8/24/2009,51.3228514286
8/25/2009,51.7207128571
8/26/2009,51.6116628571
8/27/2009,51.7671392857
8/28/2009,52.0688035714
8/29/2009,51.8682557143
8/30/2009,51.7340392857
8/31/2009,51.69142
9/1/2009,51.6778485714
9/2/2009,51.8138014286
9/3/2009,51.8149985714
9/4/2009,51.6264271429
9/5/2009,51.3911821429
9/6/2009,51.2516178571
9/7/2009,51.3518964286
9/8/2009,51.3297557143
9/9/2009,51.4349892857
9/10/2009,51.5130942857
9/11/2009,51.91547
9/12/2009,51.9509414286
9/13/2009,51.82547
9/14/2009,51.2528535714
9/15/2009,50.3930942857
9/16/2009,50.2747535714
9/17/2009,50.4869035714
9/18/2009,50.3109485714
9/19/2009,50.0897557143
9/20/2009,49.3604657143
9/21/2009,49.6297585714
9/22/2009,50.0216107143
9/23/2009,50.0999985714
9/24/2009,49.3969014286
9/25/2009,49.9661821429
9/26/2009,49.67087
9/27/2009,49.640375
9/28/2009,50.2419014286
9/29/2009,50.0111871429
9/30/2009,49.9523728571
10/1/2009,49.5097535714
10/2/2009,50.2871392857
10/3/2009,50.3228535714
10/4/2009,50.2855942857
10/5/2009,50.9249964286
10/6/2009,50.9971871429
10/7/2009,50.8816564286
10/8/2009,50.710275
10/9/2009,50.90142
10/10/2009,50.9476178571
10/11/2009,51.3440414286
10/12/2009,51.5202342857
10/13/2009,51.3733228571
10/14/2009,51.4262985714
10/15/2009,51.7366607143
10/16/2009,52.2166557143
10/17/2009,52.3364414286
10/18/2009,52.3880892857
10/19/2009,52.7538057143
10/20/2009,52.9673771429
10/21/2009,53.0799985714
10/22/2009,52.8214207143
10/23/2009,52.5216657143
10/24/2009,52.6147557143
10/25/2009,52.9539485714
10/26/2009,53.0109442857
10/27/2009,53.06833
10/28/2009,53.2330892857
10/29/2009,52.9216628571
10/30/2009,52.930785
10/31/2009,57.6326613333
11/1/2009,57.44799
11/2/2009,57.7184433333
11/3/2009,57.7688833333
11/4/2009,57.6264366667
11/5/2009,57.4504386667
11/6/2009,57.0762193333
11/7/2009,57.2139926667
11/8/2009,57.2642166667
11/9/2009,57.3868813333
11/10/2009,57.523328
11/11/2009,57.25733
11/12/2009,57.2564366667
11/13/2009,56.9446633333
11/14/2009,57.2022166667
11/15/2009,58.0708833333
11/16/2009,58.2846613333
11/17/2009,58.6675493333
11/18/2009,58.93333
11/19/2009,58.937552
11/20/2009,59.2006613333
11/21/2009,59.30799
11/22/2009,59.139104
11/23/2009,59.1199946667
11/24/2009,58.7822146667
11/25/2009,59.02933
11/26/2009,59.4944433333
11/27/2009,58.8175546667
11/28/2009,59.113552
11/29/2009,59.3948833333
11/30/2009,59.1497746667
12/1/2009,59.53933
12/2/2009,59.6928833333
12/3/2009,59.701326
12/4/2009,59.7544386667
12/5/2009,59.695106
12/6/2009,58.9466586667
12/7/2009,59.083772
12/8/2009,59.0246586667
12/9/2009,58.5926653333
12/10/2009,58.90511
12/11/2009,58.9033233333
12/12/2009,58.6048813333
12/13/2009,58.4224413333
12/14/2009,58.9231073333
12/15/2009,59.135552
12/16/2009,59.6955546667
12/17/2009,59.8239966667
12/18/2009,59.613108
12/19/2009,59.871552
12/20/2009,59.807992
12/21/2009,59.883998
12/22/2009,59.8164386667
12/23/2009,59.662666
12/24/2009,59.8233226667
12/25/2009,59.763108
12/26/2009,59.8091053333
12/27/2009,59.0273233333
12/28/2009,58.6479986667
12/29/2009,59.0293273333
12/30/2009,58.6222186667
12/31/2009,59.1666606667
1/1/2010,59.1397753333
1/2/2010,59.8813246667
1/3/2010,60.297772
1/4/2010,60.3937733333
1/5/2010,60.3893233333
1/6/2010,60.10177
1/7/2010,59.628218
1/8/2010,59.951106
1/9/2010,59.8362126667
1/10/2010,59.9513253333
1/11/2010,59.826214
1/12/2010,59.7126633333
1/13/2010,60.2419946667
1/14/2010,60.145548
1/15/2010,60.1382126667
1/16/2010,60.2511053333
1/17/2010,60.5273253333
1/18/2010,60.6955526667
1/19/2010,60.5608833333
1/20/2010,60.5699975
1/21/2010,60.7099975
1/22/2010,60.249995
1/23/2010,60.085205
1/24/2010,60.527706875
1/25/2010,60.84062
1/26/2010,61.54582375
1/27/2010,61.92958
1/28/2010,62.007078125
1/29/2010,61.826244375
1/30/2010,61.841038125
1/31/2010,61.45207625
2/1/2010,61.069994375
2/2/2010,58.7219570588
2/3/2010,59.2498011765
2/4/2010,59.2491158824
2/5/2010,59.4547029412
2/6/2010,59.2801894118
2/7/2010,59.6858752941
2/8/2010,59.7478394118
2/9/2010,59.9018423529
2/10/2010,60.0499929412
2/11/2010,60.4330552941
2/12/2010,59.5313670588
2/13/2010,58.3519923529
2/14/2010,58.6696023529
2/15/2010,58.3093076471
2/16/2010,57.7835264706
2/17/2010,57.3714264706
2/18/2010,56.7132070588
2/19/2010,57.3485223529
2/20/2010,56.7571282353
2/21/2010,56.8669558824
2/22/2010,57.5799364706
2/23/2010,57.6674458824
2/24/2010,57.1902929412
2/25/2010,56.8820558824
2/26/2010,57.9880358824
2/27/2010,58.0313670588
2/28/2010,57.1892870588
3/1/2010,56.8775423529
3/2/2010,56.1571305882
3/3/2010,56.5580364706
3/4/2010,56.3213658824
3/5/2010,55.1187970588
3/6/2010,54.7403894118
3/7/2010,55.2943088235
3/8/2010,55.8315835294
3/9/2010,55.74776
3/10/2010,55.2786229412
3/11/2010,55.2431758824
3/12/2010,55.7580341176
3/13/2010,55.4616641176
3/14/2010,55.6794052941
3/15/2010,56.0058170588
3/16/2010,55.6869558824
3/17/2010,56.1022870588
3/18/2010,57.4268758824
3/19/2010,57.7656188235
3/20/2010,57.5114482353
3/21/2010,57.5674441176
3/22/2010,57.71666
3/23/2010,57.3866794118
3/24/2010,57.4447988235
3/25/2010,57.7660735294
3/26/2010,57.3436617647
3/27/2010,57.1154070588
3/28/2010,56.5532088235
3/29/2010,56.56307
3/30/2010,56.3115441176
3/31/2010,57.3243676471
4/1/2010,56.9145423529
4/2/2010,56.4723247059
4/3/2010,57.1216835294
4/4/2010,57.1692482353
4/5/2010,57.8946617647
4/6/2010,57.6521558824
4/7/2010,57.8983323529
4/8/2010,57.7547364706
4/9/2010,58.1146464706
4/10/2010,57.8747976471
4/11/2010,58.6950164706
4/12/2010,58.3944070588
4/13/2010,58.3447205882
4/14/2010,58.4299976471
4/15/2010,57.7751141176
4/16/2010,57.8040776471
4/17/2010,57.6804441176
4/18/2010,57.9159741176
4/19/2010,58.3426835294
4/20/2010,58.2979370588
4/21/2010,58.3249970588
4/22/2010,58.3882888235
4/23/2010,58.3370164706
4/24/2010,58.4301905882
4/25/2010,58.15086
4/26/2010,58.1568188235
4/27/2010,58.0288194118
4/28/2010,58.22876
4/29/2010,58.4084311765
4/30/2010,58.48388
5/1/2010,58.4671541176
5/2/2010,58.72472
5/3/2010,58.5038776471
5/4/2010,57.87274
5/5/2010,57.7394852941
5/6/2010,57.3886617647
5/7/2010,57.4144876471
5/8/2010,57.7905835294
5/9/2010,57.9176429412
5/10/2010,57.84535
5/11/2010,57.7090694118
5/12/2010,58.0193876471
5/13/2010,57.7785441176
5/14/2010,57.7494247059
5/15/2010,57.6916423529
5/16/2010,57.4884305882
5/17/2010,57.6961735294
5/18/2010,58.1517976471
5/19/2010,58.4060958824
5/20/2010,58.3180341176
5/21/2010,58.3127376471
5/22/2010,57.8819382353
5/23/2010,57.8100911765
5/24/2010,58.5150952941
5/25/2010,58.3633264706
5/26/2010,58.4350941176
5/27/2010,58.3945047059
5/28/2010,58.3308776471
5/29/2010,58.4227423529
5/30/2010,58.8850970588
5/31/2010,59.09056
6/1/2010,59.2592876471
6/2/2010,59.3004652941
6/3/2010,59.1671147059
6/4/2010,59.4217382353
6/5/2010,58.9196029412
6/6/2010,59.12625
6/7/2010,59.4053664706
6/8/2010,60.0297776471
6/9/2010,60.0803482353
6/10/2010,59.6958752941
6/11/2010,59.7794505882
6/12/2010,60.0847011765
6/13/2010,59.5853258824
6/14/2010,59.7252911765
6/15/2010,59.8188976471
6/16/2010,60.3310752941
6/17/2010,60.0223852941
6/18/2010,60.58011
6/19/2010,60.4772317647
6/20/2010,60.2369158824
6/21/2010,60.6055047059
6/22/2010,60.7843076471
6/23/2010,61.1816441176
6/24/2010,60.5762123529
6/25/2010,60.9266241176
6/26/2010,61.1130517647
6/27/2010,61.5177817647
6/28/2010,61.5507811765
6/29/2010,61.6360752941
6/30/2010,61.0518588235
7/1/2010,61.4658576471
7/2/2010,61.9920576471
7/3/2010,62.0981341176
7/4/2010,61.9887364706
7/5/2010,62.5991717647
7/6/2010,62.4262652941
7/7/2010,62.4644694118
7/8/2010,62.2845423529
7/9/2010,62.1306811765
7/10/2010,62.2529735294
7/11/2010,62.1681505882
7/12/2010,62.2458188235
7/13/2010,62.6162517647
7/14/2010,62.3370547059
7/15/2010,61.81347
7/16/2010,62.1705835294
7/17/2010,62.0601129412
7/18/2010,61.8477011765
7/19/2010,61.6906852941
7/20/2010,62.0292111765
7/21/2010,62.34205
7/22/2010,62.1707817647
7/23/2010,62.5181905882
7/24/2010,61.6939576471
7/25/2010,57.5313252632
7/26/2010,58.45961
7/27/2010,57.1318378947
7/28/2010,56.9077336842
7/29/2010,57.1502247368
7/30/2010,57.3940121053
7/31/2010,57.8541189474
8/1/2010,57.6341189474
8/2/2010,57.9811552632
8/3/2010,57.6138173684
8/4/2010,58.11945
8/5/2010,57.9910121053
8/6/2010,58.3284884211
8/7/2010,58.6320463158
8/8/2010,58.0876447368
8/9/2010,57.9801726316
8/10/2010,57.9456610526
8/11/2010,58.1600852632
8/12/2010,58.8413426316
8/13/2010,58.8236094737
8/14/2010,58.8716094737
8/15/2010,59.0153994737
8/16/2010,59.1035068421
8/17/2010,59.0175378947
8/18/2010,59.2401178947
8/19/2010,58.8188178947
8/20/2010,58.7128010526
8/21/2010,59.1347484211
8/22/2010,59.4958568421
8/23/2010,59.3926078947
8/24/2010,59.3751168421
8/25/2010,59.4193805263
8/26/2010,59.8828815789
8/27/2010,59.9143821053
8/28/2010,59.9267131579
8/29/2010,59.0031342105
8/30/2010,58.1919252632
8/31/2010,57.6564889474
9/1/2010,57.6203431579
9/2/2010,56.5479952632
9/3/2010,56.9953989474
9/4/2010,57.4227347368
9/5/2010,57.8886810526
9/6/2010,58.0223973684
9/7/2010,57.7833636842
9/8/2010,57.7877978947
9/9/2010,57.0319284211
9/10/2010,57.3426957895
9/11/2010,57.5656305263
9/12/2010,57.54503
9/13/2010,57.7967715789
9/14/2010,58.1114173684
9/15/2010,58.8786973684
9/16/2010,58.8578026316
9/17/2010,58.8887147368
9/18/2010,58.7326810526
9/19/2010,58.5518168421
9/20/2010,58.6864515789
9/21/2010,58.7326978947
9/22/2010,58.6970142105
9/23/2010,58.9680152632
9/24/2010,59.1927873684
9/25/2010,59.3935768421
9/26/2010,59.6574878947
9/27/2010,59.5545552632
9/28/2010,61.97333
9/29/2010,61.6236465
9/30/2010,62.1230305
10/1/2010,62.467179
10/2/2010,62.698296
10/3/2010,62.5973785
10/4/2010,62.378877
10/5/2010,62.921045
10/6/2010,62.929694
10/7/2010,63.031027
10/8/2010,63.1233815
10/9/2010,63.335661
10/10/2010,63.083826
10/11/2010,63.246114
10/12/2010,62.804229
10/13/2010,62.854664
10/14/2010,63.221266
10/15/2010,63.6053105
10/16/2010,63.524964
10/17/2010,63.375599
10/18/2010,63.335999
10/19/2010,63.399111
10/20/2010,63.023159
10/21/2010,63.5046775
10/22/2010,63.286296
10/23/2010,63.4227815
10/24/2010,63.3700935
10/25/2010,63.4765955
10/26/2010,63.6071255
10/27/2010,63.840329
10/28/2010,63.840096
10/29/2010,63.581114
10/30/2010,63.228013
10/31/2010,63.435329
11/1/2010,63.1157965
11/2/2010,64.0768785
11/3/2010,64.108044
11/4/2010,64.165447
11/5/2010,64.3418285
11/6/2010,63.9627775
11/7/2010,63.496411
11/8/2010,62.622746
11/9/2010,63.046629
11/10/2010,62.9200775
11/11/2010,62.7742455
11/12/2010,63.411828
11/13/2010,63.9841625
11/14/2010,64.3577165
11/15/2010,64.1023795
11/16/2010,64.369164
11/17/2010,63.7024755
11/18/2010,63.762979
11/19/2010,63.3272945
11/20/2010,63.2799465
11/21/2010,62.6204295
11/22/2010,63.459664
11/23/2010,63.5595435
11/24/2010,63.621796
11/25/2010,64.175711
11/26/2010,64.2523455
11/27/2010,64.369079
11/28/2010,64.743613
11/29/2010,64.6100925
11/30/2010,64.3576295
12/1/2010,64.851648
12/2/2010,65.485728
12/3/2010,65.646746
12/4/2010,65.5464955
12/5/2010,65.239379
12/6/2010,65.7431785
12/7/2010,65.768126
12/8/2010,65.6776635
12/9/2010,65.3411955
12/10/2010,64.858898
12/11/2010,64.208443
12/12/2010,63.4558285
12/13/2010,63.0457925
12/14/2010,63.897278
12/15/2010,62.7951305
12/16/2010,63.1683245
12/17/2010,63.2883285
12/18/2010,62.4090285
12/19/2010,62.6198645
12/20/2010,63.4838625
12/21/2010,62.9515625
12/22/2010,62.0593775
12/23/2010,62.82178
12/24/2010,62.4615285
12/25/2010,61.358065
12/26/2010,60.1868115
12/27/2010,61.6541615
12/28/2010,61.638214
12/29/2010,61.5308295
12/30/2010,62.0832785
12/31/2010,62.681097
1/1/2011,62.5814475
1/2/2011,63.25621
1/3/2011,62.8941585
1/4/2011,62.373159
1/5/2011,62.7553765
1/6/2011,63.8241755
1/7/2011,63.699109
1/8/2011,63.990331
1/9/2011,64.1206135
1/10/2011,63.7828275
1/11/2011,63.9323275
1/12/2011,63.914359
1/13/2011,64.367058
1/14/2011,64.7964235
1/15/2011,64.7069775
1/16/2011,64.8748795
1/17/2011,65.1691775
1/18/2011,66.771274
1/19/2011,66.9096235
1/20/2011,66.982908
1/21/2011,67.0405765
1/22/2011,66.5797125
1/23/2011,67.176126
1/24/2011,67.7399775
1/25/2011,67.9607105
1/26/2011,67.7376565
1/27/2011,68.2766075
1/28/2011,68.0934925
1/29/2011,67.761992
1/30/2011,68.3265765
1/31/2011,68.3750945
2/1/2011,68.4743925
2/2/2011,68.8674915
2/3/2011,69.487007
2/4/2011,68.9911595
2/5/2011,69.6753595
2/6/2011,69.0094445
2/7/2011,69.366212
2/8/2011,68.8933085
2/9/2011,69.2273105
2/10/2011,67.284844
2/11/2011,68.439413
2/12/2011,68.3771085
2/13/2011,68.8651765
2/14/2011,69.496009
2/15/2011,70.147075
2/16/2011,69.991974
2/17/2011,70.029379
2/18/2011,69.86694
2/19/2011,69.5120605
2/20/2011,68.7999405
2/21/2011,69.3566075
2/22/2011,69.641492
2/23/2011,68.842928
2/24/2011,68.098944
2/25/2011,67.4947785
2/26/2011,67.246226
2/27/2011,68.8987565
2/28/2011,67.7976065
3/1/2011,67.8703775
3/2/2011,67.5026625
3/3/2011,67.213824
3/4/2011,66.793441
3/5/2011,66.5871095
3/6/2011,67.2521055
3/7/2011,66.1704945
3/8/2011,67.0288775
3/9/2011,67.810776
3/10/2011,68.513827
3/11/2011,67.949406
3/12/2011,67.6212265
3/13/2011,68.1982055
3/14/2011,68.2555445
3/15/2011,69.056666
3/16/2011,69.076661
3/17/2011,69.395612
3/18/2011,69.217712
3/19/2011,68.113278
3/20/2011,67.558611
3/21/2011,66.8266745
3/22/2011,66.867141
3/23/2011,66.7101905
3/24/2011,67.2016585
3/25/2011,67.7066595
3/26/2011,68.0943725
3/27/2011,68.421658
3/28/2011,68.505208
3/29/2011,68.4377435
3/30/2011,68.010958
3/31/2011,68.0511245
4/1/2011,67.8496095
4/2/2011,67.416543
4/3/2011,66.839542
4/4/2011,67.1148225
4/5/2011,66.400759
4/6/2011,66.476529
4/7/2011,66.8057405
4/8/2011,67.183572
4/9/2011,66.6150555
4/10/2011,65.4724605
4/11/2011,65.458611
4/12/2011,64.6801095
4/13/2011,61.9414965
4/14/2011,62.4900955
4/15/2011,64.5536625
4/16/2011,65.6643265
4/17/2011,64.6340935
4/18/2011,65.6312945
4/19/2011,65.392016
4/20/2011,64.6570785
4/21/2011,66.1372765
4/22/2011,66.3555615
4/23/2011,65.4330285
4/24/2011,64.9480975
4/25/2011,63.9497125
4/26/2011,64.5593775
4/27/2011,64.701616
4/28/2011,65.297309
4/29/2011,65.4722435
4/30/2011,66.021376
5/1/2011,65.4826255
5/2/2011,66.399077
5/3/2011,65.5918765
5/4/2011,66.9087575
5/5/2011,66.4672095
5/6/2011,66.5834605
5/7/2011,66.9362125
5/8/2011,67.7379595
5/9/2011,67.9713925
5/10/2011,67.8047795
5/11/2011,67.108562
5/12/2011,66.9136985
5/13/2011,66.867331
5/14/2011,67.150614
5/15/2011,65.836978
5/16/2011,65.662579
5/17/2011,66.220079
5/18/2011,66.8981795
5/19/2011,66.299711
5/20/2011,67.187746
5/21/2011,65.0075615
5/22/2011,66.145943
5/23/2011,66.7148125
5/24/2011,64.5031615
5/25/2011,65.521881
5/26/2011,66.327711
5/27/2011,66.740163
5/28/2011,66.907646
5/29/2011,66.492765
5/30/2011,66.034395
5/31/2011,65.8343965
6/1/2011,66.9169265
6/2/2011,67.0556425
6/3/2011,67.732411
6/4/2011,68.342896
6/5/2011,67.758114
6/6/2011,67.9642775
6/7/2011,67.988528
6/8/2011,67.6770765
6/9/2011,67.2952575
6/10/2011,67.710261
6/11/2011,68.2324155
6/12/2011,68.683476
6/13/2011,68.982239
6/14/2011,69.088791
6/15/2011,69.1724045
6/16/2011,69.221976
6/17/2011,68.980406
6/18/2011,69.242274
6/19/2011,69.427777
6/20/2011,69.045894
6/21/2011,68.800122
6/22/2011,68.6489075
6/23/2011,69.637857
6/24/2011,69.7038605
6/25/2011,69.6253595
6/26/2011,69.9539755
6/27/2011,69.4241275
6/28/2011,69.421478
6/29/2011,69.5164425
6/30/2011,69.841124
7/1/2011,70.0249095
7/2/2011,70.1398735
7/3/2011,70.881776
7/4/2011,71.213973
7/5/2011,71.0714725
7/6/2011,71.164576
7/7/2011,70.6975935
7/8/2011,70.4451595
7/9/2011,69.768194
7/10/2011,69.6484075
7/11/2011,69.722124
7/12/2011,69.987211
7/13/2011,69.694529
7/14/2011,69.4810425
7/15/2011,68.730161
7/16/2011,68.899611
7/17/2011,70.163056
7/18/2011,69.5096805
7/19/2011,68.7499435
7/20/2011,68.7043925
7/21/2011,68.126683
7/22/2011,68.193729
7/23/2011,68.985678
7/24/2011,69.0844965
7/25/2011,68.810654
7/26/2011,68.8032635
7/27/2011,68.4917475
7/28/2011,67.7616935
7/29/2011,67.6386645
7/30/2011,67.763311
7/31/2011,67.822863
8/1/2011,67.5178255
8/2/2011,67.768879
8/3/2011,67.2659085
8/4/2011,67.7039275
8/5/2011,67.139911
8/6/2011,66.6792475
8/7/2011,65.9102325
8/8/2011,66.7599455
8/9/2011,66.014629
8/10/2011,66.766913
8/11/2011,67.089229
8/12/2011,66.183611
8/13/2011,65.661896
8/14/2011,66.407931
8/15/2011,66.1503665
8/16/2011,66.3870975
8/17/2011,66.1379275
8/18/2011,66.2266805
8/19/2011,66.139999
8/20/2011,65.1516655
8/21/2011,65.354999
8/22/2011,64.839166
8/23/2011,65.426499
8/24/2011,66.0258325
8/25/2011,65.571833
8/26/2011,65.0483325
8/27/2011,64.2996655
8/28/2011,64.8316655
8/29/2011,64.8821655
8/30/2011,63.7328325
8/31/2011,64.2889995
9/1/2011,63.997333
9/2/2011,63.466832
9/3/2011,63.668833
9/4/2011,63.594165
9/5/2011,63.723832
9/6/2011,62.6374995
9/7/2011,63.4256755
9/8/2011,63.802832
9/9/2011,64.155716
9/10/2011,63.945994
9/11/2011,63.338499
9/12/2011,63.8506655
9/13/2011,64.4508325
9/14/2011,64.338004
9/15/2011,63.0506655
9/16/2011,62.621179
9/17/2011,62.512999
9/18/2011,61.1861605
9/19/2011,62.4781655
9/20/2011,61.293499
9/21/2011,60.4304985
9/22/2011,59.5298325
9/23/2011,60.374806
9/24/2011,59.400166
9/25/2011,57.865165
9/26/2011,58.522499
9/27/2011,58.8016665
9/28/2011,62.219665
9/29/2011,61.981049
9/30/2011,61.102499
10/1/2011,60.6084985
10/2/2011,60.4792255
10/3/2011,59.8193325
10/4/2011,59.393999
10/5/2011,57.733666
10/6/2011,58.066999
10/7/2011,57.576166
10/8/2011,56.157666
10/9/2011,53.9323325
10/10/2011,54.166666
10/11/2011,51.2741655
10/12/2011,52.024499
10/13/2011,47.760666
10/14/2011,50.0143325
10/15/2011,53.2118325
10/16/2011,50.3534995
10/17/2011,48.221499
10/18/2011,47.7336665
10/19/2011,48.8754995
10/20/2011,48.891166
10/21/2011,47.3363325
10/22/2011,46.025499
10/23/2011,43.8834995
10/24/2011,44.3333325
10/25/2011,44.8424995
10/26/2011,46.8888325
10/27/2011,48.0449995
10/28/2011,47.567999
10/29/2011,48.0748275
10/30/2011,48.8664985
10/31/2011,49.3148325
11/1/2011,47.4833325
11/2/2011,46.7288325
11/3/2011,48.2119995
11/4/2011,46.5128425
11/5/2011,45.463166
11/6/2011,44.621126
11/7/2011,45.934266
11/8/2011,44.9004995
11/9/2011,44.497166
11/10/2011,44.5343325
11/11/2011,42.756666
11/12/2011,42.414166
11/13/2011,43.892
11/14/2011,45.6999995
11/15/2011,45.060721
11/16/2011,46.0529995
11/17/2011,45.3420495
11/18/2011,44.2698325
11/19/2011,44.0933325
11/20/2011,44.631666
11/21/2011,43.7569995
11/22/2011,45.949166
11/23/2011,45.963166
11/24/2011,46.438166
11/25/2011,46.8899995
11/26/2011,45.646166
11/27/2011,47.074499
11/28/2011,47.4223325
11/29/2011,48.506166
11/30/2011,48.917166
12/1/2011,47.876166
12/2/2011,47.9244995
12/3/2011,47.337999
12/4/2011,46.9324995
12/5/2011,47.1308325
12/6/2011,47.803333
12/7/2011,47.579666
12/8/2011,47.837332
12/9/2011,48.6515985
12/10/2011,48.733166
12/11/2011,49.3076655
12/12/2011,48.9991655
12/13/2011,48.0966665
12/14/2011,48.1443325
12/15/2011,47.2458325
12/16/2011,46.3434995
12/17/2011,46.0616325
12/18/2011,45.6608325
12/19/2011,46.4443325
12/20/2011,45.726166
12/21/2011,45.048166
12/22/2011,45.1611655
12/23/2011,44.5838325
12/24/2011,45.8096665
12/25/2011,45.9263325
12/26/2011,46.5886655
12/27/2011,46.1596665
12/28/2011,46.057333
12/29/2011,44.8359995
12/30/2011,45.277166
12/31/2011,45.6121665
1/1/2012,45.274666
1/2/2012,45.811499
1/3/2012,46.670499
1/4/2012,46.674666
1/5/2012,45.8851665
1/6/2012,45.2869995
1/7/2012,45.684999
1/8/2012,44.702666
1/9/2012,44.492166
1/10/2012,44.487666
1/11/2012,43.5304995
1/12/2012,44.151666
1/13/2012,43.2708325
1/14/2012,43.8063325
1/15/2012,43.8393325
1/16/2012,42.6488325
1/17/2012,42.0894995
1/18/2012,41.4819995
1/19/2012,41.7813325
1/20/2012,41.603166
1/21/2012,41.5513325
1/22/2012,41.135666
1/23/2012,41.5234995
1/24/2012,42.469166
1/25/2012,42.3336665
1/26/2012,43.6776655
1/27/2012,43.634166
1/28/2012,43.3563325
1/29/2012,43.827166
1/30/2012,45.7204995
1/31/2012,45.0118325
2/1/2012,45.1233325
2/2/2012,45.538666
2/3/2012,45.4399995
2/4/2012,46.043666
2/5/2012,45.665166
2/6/2012,44.7198325
2/7/2012,44.7801665
2/8/2012,44.5139985
2/9/2012,45.9073325
2/10/2012,46.1464995
2/11/2012,46.0076665
2/12/2012,45.5037495
2/13/2012,45.404332
2/14/2012,46.330166
2/15/2012,46.515495
2/16/2012,46.681166
2/17/2012,46.248666
2/18/2012,46.8284995
2/19/2012,46.8713325
2/20/2012,46.295166
2/21/2012,45.4295
2/22/2012,45.850666
2/23/2012,46.1359995
2/24/2012,46.8008325
2/25/2012,46.4980825
2/26/2012,46.0396665
2/27/2012,46.787999
2/28/2012,47.365332
2/29/2012,47.0763325
3/1/2012,47.7013325
3/2/2012,48.5184995
3/3/2012,48.8403325
3/4/2012,49.4483325
3/5/2012,49.001499
3/6/2012,48.9464995
3/7/2012,49.2496665
3/8/2012,48.577166
3/9/2012,48.1274995
3/10/2012,48.3949995
3/11/2012,48.434166
3/12/2012,49.054166
3/13/2012,49.4784995
3/14/2012,48.9374995
3/15/2012,49.077
3/16/2012,48.6431665
3/17/2012,49.7238325
3/18/2012,49.490666
3/19/2012,50.2183325
3/20/2012,51.1248325
3/21/2012,51.2889995
3/22/2012,51.1468325
3/23/2012,50.841332
3/24/2012,51.360666
3/25/2012,50.5578325
3/26/2012,51.0409995
3/27/2012,51.3833325
3/28/2012,50.976499
3/29/2012,50.9564985
3/30/2012,50.6484995
3/31/2012,50.368166
4/1/2012,49.6978325
4/2/2012,49.741332
4/3/2012,49.979666
4/4/2012,49.3224995
4/5/2012,48.8583325
4/6/2012,49.380666
4/7/2012,49.1513325
4/8/2012,50.0658325
4/9/2012,50.202166
4/10/2012,50.3128325
4/11/2012,50.346832
4/12/2012,49.655999
4/13/2012,48.668166
4/14/2012,48.9508325
4/15/2012,48.3243325
4/16/2012,48.422166
4/17/2012,47.990833
4/18/2012,48.1994995
4/19/2012,48.8243325
4/20/2012,49.4014985
4/21/2012,49.7635
4/22/2012,50.199832
4/23/2012,50.714332
4/24/2012,51.2216665
4/25/2012,50.8149995
4/26/2012,51.157999
4/27/2012,51.7184985
4/28/2012,52.0551665
4/29/2012,51.900499
4/30/2012,51.664499
5/1/2012,51.9558325
5/2/2012,52.2078325
5/3/2012,53.2038325
5/4/2012,53.248999
5/5/2012,53.471666
5/6/2012,53.5548325
5/7/2012,53.366499
5/8/2012,53.204332
5/9/2012,53.0369995
5/10/2012,52.7511665
5/11/2012,53.5163325
5/12/2012,53.4728325
5/13/2012,52.0133325
5/14/2012,52.0069995
5/15/2012,51.960666
5/16/2012,52.7679985
5/17/2012,53.465833
5/18/2012,53.892999
5/19/2012,53.9264985
5/20/2012,53.5524985
5/21/2012,53.6424985
5/22/2012,54.121166
5/23/2012,53.3523325
5/24/2012,53.2174985
5/25/2012,52.496666
5/26/2012,52.9739995
5/27/2012,53.1138325
5/28/2012,54.150999
5/29/2012,54.2419995
5/30/2012,54.366333
5/31/2012,55.132666
6/1/2012,54.5196665
6/2/2012,55.0003325
6/3/2012,55.695999
6/4/2012,56.095832
6/5/2012,56.191999
6/6/2012,55.492499
6/7/2012,56.159984
6/8/2012,56.144166
6/9/2012,55.717499
6/10/2012,54.9303325
6/11/2012,55.105999
6/12/2012,55.606166
6/13/2012,55.7218325
6/14/2012,55.5714995
6/15/2012,54.265499
6/16/2012,54.722817
6/17/2012,55.721666
6/18/2012,55.8278325
6/19/2012,56.2989985
6/20/2012,56.418166
6/21/2012,56.8093325
6/22/2012,56.795999
6/23/2012,57.3401655
6/24/2012,57.276499
6/25/2012,57.287166
6/26/2012,57.5353325
6/27/2012,57.941499
6/28/2012,57.4448325
6/29/2012,57.4363325
6/30/2012,58.107999
7/1/2012,57.5529985
7/2/2012,56.871019
7/3/2012,56.373499
7/4/2012,55.872166
7/5/2012,56.5128325
7/6/2012,55.759666
7/7/2012,55.4054995
7/8/2012,56.684999
7/9/2012,56.641999
7/10/2012,56.7869995
7/11/2012,57.586166
7/12/2012,57.850499
7/13/2012,58.3213325
7/14/2012,57.986666
7/15/2012,57.522817
7/16/2012,58.3419995
7/17/2012,58.6336655
7/18/2012,58.9903325
7/19/2012,58.497999
7/20/2012,57.948832
7/21/2012,58.778666
7/22/2012,58.6503325
7/23/2012,58.840832
7/24/2012,57.612681
7/25/2012,58.195666
7/26/2012,59.020999
7/27/2012,59.284999
7/28/2012,59.366999
7/29/2012,59.2608325
7/30/2012,58.322999
7/31/2012,58.1028325
8/1/2012,57.7964995
8/2/2012,57.9351665
8/3/2012,58.023832
8/4/2012,58.266166
8/5/2012,58.105999
8/6/2012,58.2901655
8/7/2012,57.752499
8/8/2012,57.6392485
8/9/2012,57.654166
8/10/2012,57.4699995
8/11/2012,57.719333
8/12/2012,58.047499
8/13/2012,58.412999
8/14/2012,58.3868325
8/15/2012,57.967999
8/16/2012,58.3134995
8/17/2012,58.557484
8/18/2012,58.878499
8/19/2012,59.044999
8/20/2012,59.076999
8/21/2012,59.174999
8/22/2012,59.6473325
8/23/2012,59.104166
8/24/2012,58.9814985
8/25/2012,59.0633325
8/26/2012,59.025832
8/27/2012,58.597999
8/28/2012,58.6321655
8/29/2012,58.261504
8/30/2012,57.182994
8/31/2012,56.958337
9/1/2012,56.411332
9/2/2012,56.324499
9/3/2012,56.5556455
9/4/2012,56.216666
9/5/2012,55.858499
9/6/2012,56.516327
9/7/2012,56.752499
9/8/2012,56.096499
9/9/2012,54.8788375
9/10/2012,54.913832
9/11/2012,55.2123325
9/12/2012,55.3044995
9/13/2012,55.182499
9/14/2012,55.1813325
9/15/2012,56.121499
9/16/2012,56.689499
9/17/2012,56.5714985
9/18/2012,56.686166
9/19/2012,57.109332
9/20/2012,56.6749985
9/21/2012,56.3679105
9/22/2012,55.9258325
9/23/2012,56.706166
9/24/2012,57.0441655
9/25/2012,57.4096655
9/26/2012,57.710499
9/27/2012,57.640999
9/28/2012,57.870333
9/29/2012,58.277999
9/30/2012,57.873999
10/1/2012,58.2619995
10/2/2012,58.177665
10/3/2012,58.6528325
10/4/2012,58.3018325
10/5/2012,58.5434985
10/6/2012,59.0269785
10/7/2012,58.9873325
10/8/2012,58.7799985
10/9/2012,57.973333
10/10/2012,58.598999
10/11/2012,58.300665
10/12/2012,58.4433325
10/13/2012,58.193749
10/14/2012,58.4818325
10/15/2012,58.7703325
10/16/2012,58.796666
10/17/2012,59.130166
10/18/2012,59.400999
10/19/2012,59.3906655
10/20/2012,59.5876655
10/21/2012,59.2356655
10/22/2012,59.726165
10/23/2012,60.025166
10/24/2012,59.927004
10/25/2012,60.2974985
10/26/2012,60.294499
10/27/2012,60.059489
10/28/2012,59.160999
10/29/2012,59.778415
10/30/2012,59.8608325
10/31/2012,59.5204835
11/1/2012,59.7446655
11/2/2012,60.321999
11/3/2012,59.8732485
11/4/2012,59.3734985
11/5/2012,59.5953325
11/6/2012,60.183833
11/7/2012,59.7866655
11/8/2012,59.489514
11/9/2012,58.031039
11/10/2012,57.9488375
11/11/2012,56.9973325
11/12/2012,58.255999
11/13/2012,57.932499
11/14/2012,58.436499
11/15/2012,58.5983325
11/16/2012,57.955009
11/17/2012,57.384166
11/18/2012,57.5636655
11/19/2012,56.2715775
11/20/2012,55.401999
11/21/2012,54.421499
11/22/2012,55.577999
11/23/2012,54.274166
11/24/2012,55.5378325
11/25/2012,55.8083325
11/26/2012,56.387499
11/27/2012,55.711666
11/28/2012,55.5978325
11/29/2012,56.3013325
11/30/2012,55.437499
12/1/2012,54.962999
12/2/2012,54.805499
12/3/2012,55.380166
12/4/2012,55.5878325
12/5/2012,55.703666
12/6/2012,56.6393325
12/7/2012,56.659999
12/8/2012,57.049499
12/9/2012,57.4953325
12/10/2012,57.462999
12/11/2012,58.018166
12/12/2012,57.401166
12/13/2012,56.7888325
12/14/2012,56.594666
12/15/2012,56.446499
12/16/2012,56.774166
12/17/2012,55.7668325
12/18/2012,55.2193325
12/19/2012,55.0383325
12/20/2012,54.9978275
12/21/2012,55.243489
12/22/2012,54.924166
12/23/2012,56.115484
12/24/2012,56.193166
12/25/2012,56.316666
12/26/2012,56.732499
12/27/2012,56.747999
12/28/2012,56.949333
12/29/2012,56.698166
12/30/2012,56.101666
12/31/2012,55.7889995
1/1/2013,56.9548325
1/2/2013,56.818166
1/3/2013,57.1838325
1/4/2013,57.492166
1/5/2013,57.896832
1/6/2013,57.4263325
1/7/2013,57.6208325
1/8/2013,57.173166
1/9/2013,58.292749
1/10/2013,58.475499
1/11/2013,58.6796655
1/12/2013,58.5538325
1/13/2013,58.4639995
1/14/2013,58.807499
1/15/2013,58.2548375
1/16/2013,57.7508325
1/17/2013,56.9141655
1/18/2013,57.176666
1/19/2013,57.261916
1/20/2013,57.8788325
1/21/2013,57.883827
1/22/2013,57.9066665
1/23/2013,57.290999
1/24/2013,57.355166
1/25/2013,56.5758325
1/26/2013,56.508499
1/27/2013,56.984666
1/28/2013,56.8533325
1/29/2013,57.0378325
1/30/2013,56.804416
1/31/2013,57.332999
2/1/2013,57.8898325
2/2/2013,58.326641
2/3/2013,56.054666
2/4/2013,58.198166
2/5/2013,58.6193325
2/6/2013,58.301549
2/7/2013,58.893166
2/8/2013,59.074333
2/9/2013,59.037921
2/10/2013,59.216249
2/11/2013,59.411665
2/12/2013,59.393499
2/13/2013,59.8078275
2/14/2013,57.632333
2/15/2013,59.692332
2/16/2013,60.152999
2/17/2013,60.4983325
2/18/2013,60.3951655
2/19/2013,60.655166
2/20/2013,61.003915
2/21/2013,61.0689985
2/22/2013,60.995832
2/23/2013,58.8901665
2/24/2013,61.8226655
2/25/2013,62.1015825
2/26/2013,61.7203325
2/27/2013,62.139004
2/28/2013,62.0063875
3/1/2013,62.4813325
3/2/2013,62.7783325
3/3/2013,62.823245
3/4/2013,62.489126
3/5/2013,61.9291665
3/6/2013,61.9076655
3/7/2013,62.5694995
3/8/2013,62.2633325
3/9/2013,62.762696
3/10/2013,62.2694995
3/11/2013,62.1279985
3/12/2013,62.453665
3/13/2013,62.2568325
3/14/2013,62.7529995
3/15/2013,62.9677495
3/16/2013,63.172749
3/17/2013,61.169499
3/18/2013,64.1393325
3/19/2013,64.061332
3/20/2013,64.5436655
3/21/2013,63.684249
3/22/2013,63.519499
3/23/2013,63.146665
3/24/2013,62.744166
3/25/2013,59.402333
3/26/2013,61.4638325
3/27/2013,62.1626665
3/28/2013,62.244999
3/29/2013,62.3183325
3/30/2013,61.904833
3/31/2013,59.414666
4/1/2013,61.785249
4/2/2013,61.705832
4/3/2013,61.6729995
4/4/2013,62.436166
4/5/2013,62.759499
4/6/2013,63.6433321053
4/7/2013,63.417166
4/8/2013,64.0465
4/9/2013,63.167832
4/10/2013,63.2011655
4/11/2013,62.9968325
4/12/2013,63.5022485
4/13/2013,63.484999
4/14/2013,63.1941655
4/15/2013,62.890916
4/16/2013,62.948499
4/17/2013,63.3178275
4/18/2013,63.335837
4/19/2013,63.4669995
4/20/2013,63.4274985
4/21/2013,63.399666
4/22/2013,63.727333
4/23/2013,63.7721655
4/24/2013,64.059499
4/25/2013,64.0971655
4/26/2013,61.8346655
4/27/2013,64.6524995
4/28/2013,63.864004
4/29/2013,64.1724985
4/30/2013,63.9001655
5/1/2013,63.6434995
5/2/2013,64.04367
5/3/2013,64.4468325
5/4/2013,64.753999
5/5/2013,64.412166
5/6/2013,64.6435815
5/7/2013,64.982666
5/8/2013,64.105165
5/9/2013,64.247165
5/10/2013,64.072087
5/11/2013,64.0728315
5/12/2013,64.3545835
5/13/2013,64.5708315
5/14/2013,64.3281605
5/15/2013,64.023166
5/16/2013,64.5939995
5/17/2013,64.85516
5/18/2013,64.683582
5/19/2013,64.787499
5/20/2013,64.6841655
5/21/2013,64.959833
5/22/2013,64.997833
5/23/2013,64.5310835
5/24/2013,64.6661645
5/25/2013,65.0465825
5/26/2013,65.216333
5/27/2013,65.340671
5/28/2013,65.486583
5/29/2013,65.874499
5/30/2013,65.8981655
5/31/2013,65.4991655
6/1/2013,65.6434985
6/2/2013,65.6616755
6/3/2013,66.2306605
6/4/2013,66.552166
6/5/2013,65.962
6/6/2013,66.4328325
6/7/2013,66.8051655
6/8/2013,66.929004
6/9/2013,66.428665
6/10/2013,66.6328335
6/11/2013,65.967332
6/12/2013,65.227999
6/13/2013,65.733999
6/14/2013,64.421166
6/15/2013,65.129832
6/16/2013,65.0646655
6/17/2013,65.5964995
6/18/2013,66.024005
6/19/2013,66.127999
6/20/2013,66.1929985
6/21/2013,67.1433315789
6/22/2013,66.696666
6/23/2013,66.4873325
6/24/2013,66.368504
6/25/2013,66.947828
6/26/2013,67.3128325
6/27/2013,68.0289463158
6/28/2013,68.4591210526
6/29/2013,68.3022794737
6/30/2013,68.9012268421
7/1/2013,68.6117531579
7/2/2013,68.9587705263
7/3/2013,68.8322794737
7/4/2013,67.6795045
7/5/2013,67.6671605
7/6/2013,67.308166
7/7/2013,67.856666
7/8/2013,67.516833
7/9/2013,67.643665
7/10/2013,68.6808325
7/11/2013,69.0866655
7/12/2013,69.315499
7/13/2013,69.131999
7/14/2013,69.4786605
7/15/2013,69.717165
7/16/2013,69.9879935
7/17/2013,70.088834
7/18/2013,69.588832
7/19/2013,69.2213365
7/20/2013,68.0674995
7/21/2013,67.8818325
7/22/2013,67.8316655
7/23/2013,68.2580035
7/24/2013,68.290166
7/25/2013,67.3244995
7/26/2013,67.826165
7/27/2013,67.1433325
7/28/2013,66.751332
7/29/2013,67.3268325
7/30/2013,67.710332
7/31/2013,67.4955045
8/1/2013,66.6783315
8/2/2013,67.1628325
8/3/2013,67.0071655
8/4/2013,67.3896655
8/5/2013,67.935832
8/6/2013,68.6331655
8/7/2013,68.517165
8/8/2013,67.739249
8/9/2013,67.201336
8/10/2013,67.438166
8/11/2013,67.275415
8/12/2013,67.0324985
8/13/2013,67.0399985
8/14/2013,68.0222216667
8/15/2013,67.4872211111
8/16/2013,67.5774061111
8/17/2013,67.3425911111
8/19/2013,65.9025916667
8/20/2013,66.9779616667
8/21/2013,67.5203688889
8/22/2013,67.6487022222
8/23/2013,66.7625916667
8/24/2013,67.0925916667
8/25/2013,66.4909238889
8/26/2013,66.9481472222
8/27/2013,54.49148
8/28/2013,68.0244422222
8/29/2013,67.9914794444
8/30/2013,68.7066666667
8/31/2013,68.635
9/1/2013,69.1220361111
9/2/2013,68.9461105556
9/3/2013,68.4829616667
9/4/2013,68.06648
9/5/2013,68.5499983333
9/6/2013,68.9316655556
9/7/2013,68.520925
9/8/2013,68.4396272222
9/9/2013,68.6829627778
9/10/2013,69.0162955556
9/11/2013,69.2387011111
9/12/2013,69.5972216667
9/13/2013,69.41574
9/14/2013,69.5785177778
9/15/2013,69.4349988889
9/16/2013,68.6974061111
9/17/2013,68.4005538889
9/18/2013,69.0601838889
9/19/2013,68.2353694444
9/20/2013,67.8988883333
9/21/2013,67.3172211111
9/22/2013,66.1657394444
9/23/2013,64.5485177778
9/24/2013,64.1879616667
9/25/2013,64.81111
9/26/2013,64.4703688889
9/27/2013,65.6709255556
9/28/2013,66.0924066667
9/29/2013,66.3790733333
9/30/2013,66.9840727778
10/1/2013,66.20148
10/2/2013,65.6544433333
10/3/2013,66.4294433333
10/4/2013,65.910555
10/5/2013,66.2435177778
10/6/2013,65.9235166667
10/7/2013,65.6549994444
10/8/2013,66.9261105556
10/9/2013,67.4362955556
10/10/2013,68.1248138889
10/11/2013,67.9627766667
10/12/2013,67.4114805556
10/13/2013,66.3403694444
10/14/2013,67.0231477778
10/15/2013,67.52611
10/16/2013,66.7296277778
10/17/2013,65.5740727778
10/18/2013,66.13648
10/19/2013,66.345925
10/20/2013,66.8112955556
10/21/2013,66.8542583333
10/22/2013,66.3337027778
10/23/2013,66.3988872222
10/24/2013,66.3557383333
10/25/2013,63.8946283333
10/26/2013,63.0642577778
10/27/2013,62.7720355556
10/28/2013,64.3727772222
10/29/2013,64.0792583333
10/30/2013,63.7212944444
10/31/2013,62.736295
11/1/2013,62.2061105556
11/2/2013,61.1277766667
11/3/2013,61.8355538889
11/4/2013,62.5785172222
11/5/2013,63.6337027778
11/6/2013,63.8594438889
11/7/2013,64.1966661111
11/8/2013,64.8572211111
11/9/2013,64.6835172222
11/10/2013,65.3138877778
11/11/2013,65.2296283333
11/12/2013,64.3874066667
11/13/2013,65.0655544444
11/14/2013,64.3598133333
11/15/2013,65.001295
11/16/2013,65.5479616667
11/17/2013,66.1688883333
11/18/2013,66.7355544444
11/19/2013,67.7725916667
11/20/2013,67.8579616667
11/21/2013,67.8612944444
11/22/2013,65.7935172222
11/23/2013,66.8327766667
11/24/2013,67.3735172222
11/25/2013,67.2598133333
11/26/2013,67.5235172222
11/27/2013,68.0501844444
11/28/2013,67.3001833333
11/29/2013,67.0114805556
11/30/2013,67.1346288889
12/1/2013,67.4498144444
12/2/2013,67.1548138889
12/3/2013,66.9372211111
12/4/2013,66.5842577778
12/5/2013,65.9722211111
12/6/2013,65.2298138889
12/7/2013,64.935185
12/8/2013,64.450555
12/9/2013,63.7290727778
12/10/2013,64.9105538889
12/11/2013,64.996665
12/12/2013,66.3107394444
12/13/2013,66.6344438889
12/14/2013,67.1322205556
12/15/2013,67.2261105556
12/16/2013,66.6862944444
12/17/2013,66.8070355556
12/18/2013,66.5801838889
12/19/2013,66.1901838889
12/20/2013,65.8333327778
12/21/2013,65.7401838889
12/22/2013,64.6422211111
12/23/2013,64.7996288889
12/24/2013,64.6972211111
12/25/2013,64.7329622222
12/26/2013,65.0735177778
12/27/2013,65.2988872222
12/28/2013,65.4242588889
12/29/2013,65.6951844444
12/30/2013,65.6222211111
12/31/2013,65.6492583333
1/1/2014,64.941295
1/2/2014,65.4314805556
1/3/2014,66.27648
1/4/2014,66.1479616667
1/5/2014,65.8757394444
1/6/2014,66.2620361111
1/7/2014,66.21611
1/8/2014,66.8685172222
1/9/2014,66.7435172222
1/10/2014,67.2296288889
1/11/2014,66.7631472222
1/12/2014,67.5177761111
1/13/2014,67.4705538889
1/14/2014,68.0294438889
1/15/2014,67.8627766667
1/16/2014,68.1577766667
1/17/2014,67.9529616667
1/18/2014,68.0879616667
1/19/2014,69.4648127778
1/20/2014,68.9629622222
1/21/2014,68.7909238889
1/22/2014,69.4127772222
1/23/2014,69.5049988889
1/24/2014,69.6292583333
1/25/2014,69.8762944444
1/26/2014,69.5312955556
1/27/2014,69.6753694444
1/28/2014,70.1275905556
1/29/2014,70.2631466667
1/30/2014,69.4044433333
1/31/2014,69.87148
2/1/2014,69.8499977778
2/2/2014,70.0705538889
2/3/2014,69.44111
2/4/2014,70.172035
2/5/2014,70.3187022222
2/6/2014,70.2044416667
2/7/2014,70.4257405556
2/8/2014,70.8907394444
2/9/2014,70.6757388889
2/10/2014,71.1331466667
2/11/2014,71.3646277778
2/12/2014,70.4727777778
2/13/2014,70.6003683333
2/14/2014,70.4057394444
2/15/2014,69.2907388889
2/16/2014,69.1429605556
2/17/2014,69.7725922222
2/18/2014,69.7585172222
2/19/2014,69.8629616667
2/20/2014,69.9146288889
2/21/2014,69.9762955556
2/22/2014,69.8288872222
2/23/2014,69.9429616667
2/24/2014,69.9142588889
2/25/2014,69.64648
2/26/2014,69.797035
2/27/2014,69.2627761111
2/28/2014,69.50648
3/1/2014,70.0909233333
3/2/2014,70.5285177778
3/3/2014,70.2049994444
3/4/2014,69.56574
3/5/2014,70.0577766667
3/6/2014,69.80537
3/7/2014,70.3298127778
3/8/2014,69.2296272222
3/9/2014,69.0162955556
3/10/2014,68.9220355556
3/11/2014,68.9259244444
3/12/2014,68.8096277778
3/13/2014,68.8433316667
3/14/2014,69.3851844444
3/15/2014,69.0805533333
3/16/2014,69.1646277778
3/17/2014,69.1248138889
3/18/2014,69.2468505556
3/19/2014,69.2883327778
3/20/2014,68.6894433333
3/21/2014,68.9340727778
3/22/2014,69.2948133333
3/23/2014,69.41148
3/24/2014,69.9372205556
3/25/2014,69.7987027778
3/26/2014,69.8242572222
3/27/2014,69.6872205556
3/28/2014,69.6638883333
3/29/2014,69.1422211111
3/30/2014,68.5512944444
3/31/2014,68.3298133333
4/1/2014,67.7168505556
4/2/2014,68.1366644444
4/3/2014,67.6090727778
4/4/2014,67.2320355556
4/5/2014,67.0835172222
4/6/2014,66.7881466667
4/7/2014,66.5518505556
4/8/2014,60.8396070588
4/9/2014,65.9699983333
4/10/2014,66.5107394444
4/11/2014,65.8920355556
4/12/2014,66.2325916667
4/13/2014,66.0833316667
4/14/2014,66.5725911111
4/15/2014,65.9540733333
4/16/2014,66.0464805556
4/17/2014,65.59148
4/18/2014,65.4901833333
4/19/2014,65.3549983333
4/20/2014,66.0796277778
4/21/2014,67.0001844444
4/22/2014,65.990925
4/23/2014,66.7675911111
4/24/2014,66.1085172222
4/25/2014,66.4268505556
4/26/2014,66.4492577778
4/27/2014,66.9377761111
4/28/2014,66.9325916667
4/29/2014,67.5024061111
4/30/2014,67.5016655556
5/1/2014,67.1201833333
5/2/2014,66.2733311111
5/3/2014,65.9155538889
5/4/2014,65.9637022222
5/5/2014,66.2179616667
5/6/2014,66.0138861111
5/7/2014,67.1568505556
5/8/2014,67.5388872222
5/9/2014,67.98685
5/10/2014,67.8525905556
5/11/2014,67.3953688889
5/12/2014,67.2955538889
5/13/2014,67.6561088889
5/14/2014,66.9616655556
5/15/2014,66.4648127778
5/16/2014,66.9466655556
5/17/2014,67.456665
5/18/2014,67.6155533333
5/19/2014,67.48759
5/20/2014,68.0738872222
5/21/2014,67.8194433333
5/22/2014,66.9253688889
5/23/2014,67.1870361111
5/24/2014,67.2148138889
5/25/2014,67.8403688889
5/26/2014,68.1844427778
5/27/2014,68.4685166667
5/28/2014,68.6383327778
5/29/2014,68.322405
5/30/2014,67.6774061111
5/31/2014,68.2601833333
6/1/2014,68.6296272222
6/2/2014,68.8501827778
6/3/2014,68.6801844444
6/4/2014,68.6853677778
6/5/2014,68.6255522222
6/6/2014,68.7955544444
6/7/2014,68.7290722222
6/8/2014,68.4637022222
6/9/2014,68.6251833333
6/10/2014,68.8953694444
6/11/2014,68.7531461111
6/12/2014,69.2283316667
6/13/2014,69.0670355556
6/14/2014,69.4449977778
6/15/2014,69.1801838889
6/16/2014,69.5074055556
6/17/2014,69.3977755556
6/18/2014,69.4325916667
6/19/2014,69.2192566667
6/20/2014,69.3479605556
6/21/2014,69.601665
6/23/2014,69.7699977778
6/24/2014,70.7396272222
6/25/2014,70.6703688889
6/26/2014,70.6011105556
6/27/2014,70.8499983333
6/28/2014,70.7681466667
6/29/2014,71.9244427778
6/30/2014,71.8435172222
7/1/2014,71.6287022222
7/2/2014,71.816665
7/3/2014,71.4127761111
7/4/2014,71.7703688889
7/5/2014,71.1712938889
7/6/2014,71.4742577778
7/7/2014,70.7474066667
7/8/2014,70.8979611111
7/9/2014,71.0790722222
7/10/2014,71.2201833333
7/11/2014,71.3233316667
7/12/2014,71.2411094444
7/13/2014,71.4127761111
7/14/2014,71.6672205556
7/15/2014,71.10722
7/16/2014,71.09148
7/17/2014,70.7155522222
7/18/2014,70.8718494444
7/19/2014,70.8398133333
7/20/2014,70.5951827778
7/21/2014,70.9464783333
7/22/2014,71.1274061111
7/23/2014,71.1572205556
7/24/2014,71.03148
7/25/2014,70.377405
7/26/2014,69.8394422222
7/27/2014,69.82222
7/28/2014,69.8605527778
7/29/2014,69.6549977778
7/30/2014,69.7738888889
7/31/2014,69.7883311111
8/1/2014,69.9538866667
8/2/2014,69.3318511111
8/3/2014,69.6405538889
8/4/2014,69.6948133333
8/5/2014,69.1824055556
8/6/2014,68.8183322222
8/7/2014,69.1649988889
8/8/2014,68.7299977778
8/9/2014,68.9774072222
8/10/2014,68.3387022222
8/11/2014,68.196295
8/12/2014,68.91722
8/13/2014,69.1129611111
8/14/2014,69.1577761111
8/15/2014,69.5751838889
8/16/2014,69.887035
8/17/2014,69.8692566667
8/18/2014,69.2703677778
8/19/2014,70.0540738889
8/20/2014,70.1581466667
8/21/2014,70.2101833333
8/22/2014,69.8805544444
8/23/2014,69.9990727778
8/24/2014,69.9112944444
8/25/2014,70.171665
8/26/2014,70.2538877778
8/27/2014,70.4294433333
8/28/2014,70.7927766667
8/29/2014,70.3707388889
8/30/2014,70.2020361111
8/31/2014,70.27222
9/1/2014,70.4803688889
9/2/2014,70.6172205556
9/3/2014,70.26111
9/4/2014,69.7746283333
9/5/2014,69.932035
9/6/2014,70.1088861111
9/7/2014,69.9090716667
9/8/2014,69.7496283333
9/9/2014,69.5633311111
9/10/2014,71.0472211111
9/11/2014,70.995925
9/12/2014,70.5837022222
9/13/2014,70.5935166667
9/14/2014,70.7131483333
9/15/2014,70.7803677778
9/16/2014,71.21685
9/17/2014,71.2603683333
9/18/2014,71.4044427778
9/19/2014,71.323145
9/20/2014,71.2961094444
9/21/2014,71.5040716667
9/22/2014,71.750925
9/23/2014,71.7822205556
9/24/2014,72.0599988889
9/25/2014,71.8712944444
9/26/2014,71.846295
9/27/2014,71.8505533333
9/28/2014,71.837405
9/29/2014,72.1475905556
9/30/2014,71.9238866667
10/1/2014,72.25296
10/2/2014,71.8777761111
10/3/2014,71.9137033333
10/4/2014,71.766665
10/5/2014,71.8142583333
10/6/2014,71.6925916667
10/7/2014,71.6935172222
10/8/2014,71.6740727778
10/9/2014,71.8751833333
10/10/2014,71.6446277778
10/11/2014,71.5498116667
10/12/2014,71.4562938889
10/13/2014,71.3901822222
10/14/2014,70.5603688889
10/15/2014,70.6092577778
10/16/2014,71.0342572222
10/17/2014,70.4742583333
10/18/2014,70.6570361111
10/19/2014,71.0024055556
10/20/2014,70.59722
10/21/2014,70.6816644444
10/22/2014,71.1962944444
10/23/2014,71.3883311111
10/24/2014,71.49611
10/25/2014,71.4829622222
10/26/2014,71.5172216667
10/27/2014,71.7807388889
10/28/2014,71.6566627778
10/29/2014,71.5316644444
10/30/2014,71.6598138889
10/31/2014,71.2288877778
11/1/2014,71.4685161111
11/2/2014,71.5288872222
11/3/2014,71.3666638889
11/4/2014,71.33074
11/5/2014,71.4946283333
11/6/2014,71.3779611111
11/7/2014,71.3109233333
11/8/2014,71.6303683333
11/9/2014,71.661295
11/10/2014,71.6288866667
11/11/2014,71.642035
11/12/2014,71.1074044444
11/13/2014,71.1468505556
11/14/2014,71.6151844444
11/15/2014,71.91574
11/16/2014,72.1924055556
11/17/2014,72.3999983333
11/18/2014,72.2068483333
11/19/2014,71.18259
11/20/2014,70.787035
11/21/2014,70.6864788889
11/22/2014,70.48185
11/23/2014,70.5485172222
11/24/2014,71.0096266667
11/25/2014,71.1340722222
11/26/2014,71.377035
11/27/2014,71.6112933333
11/28/2014,71.8999977778
11/29/2014,72.0344422222
11/30/2014,72.2027755556
12/1/2014,72.1055533333
12/2/2014,72.0437016667
12/3/2014,72.6414788889
12/4/2014,72.6679616667
12/5/2014,72.627035
12/6/2014,72.8625911111
12/7/2014,72.9462717647
12/8/2014,72.5196058824
12/9/2014,72.4509244444
12/10/2014,72.5296277778
12/11/2014,72.5111088889
12/12/2014,72.5062938889
12/13/2014,72.4442572222
12/14/2014,72.4187011111
12/15/2014,72.5474055556
12/16/2014,72.9292572222
12/17/2014,71.907775
12/18/2014,71.9642572222
12/19/2014,72.5111083333
12/20/2014,71.8909238889
12/21/2014,71.93148
12/22/2014,71.7518505556
12/23/2014,71.1979605556
12/24/2014,71.4211088889
12/25/2014,70.7809985
12/26/2014,70.2283315
12/27/2014,70.772165
12/28/2014,70.9814985
12/29/2014,70.180165
12/30/2014,70.6234975
12/31/2014,69.8503315
1/1/2015,70.7173315
1/2/2015,70.7361645
1/3/2015,70.5576655
1/4/2015,73.2768405263
1/5/2015,68.811998
1/6/2015,68.2439985
1/7/2015,67.2914975
1/8/2015,67.7729985
1/9/2015,67.913998
1/10/2015,68.2878325
1/11/2015,67.9909985
1/12/2015,68.531331
1/13/2015,68.5694975
1/14/2015,68.270665
1/15/2015,68.2258315
1/16/2015,68.6536655
1/17/2015,69.061665
1/18/2015,69.142998
1/19/2015,70.205498
1/20/2015,70.2793315
1/21/2015,70.4819985
1/22/2015,70.7426645
1/23/2015,70.8063305
1/24/2015,70.7459985
1/25/2015,70.859498
1/26/2015,71.316498
1/27/2015,71.565165
1/28/2015,71.4689975
1/29/2015,70.874164
1/30/2015,70.983164
1/31/2015,71.0811655
2/1/2015,71.0659985
2/2/2015,70.8344985
2/3/2015,71.2513315
2/4/2015,71.192665
2/5/2015,71.1829975
2/6/2015,70.923998
2/7/2015,70.4636655
2/8/2015,70.864331
2/9/2015,70.934499
2/10/2015,71.0934985
2/11/2015,71.122332
2/12/2015,70.993332
2/13/2015,70.441165
2/14/2015,70.5159985
2/15/2015,70.172665
2/16/2015,69.927164
2/17/2015,69.8724985
2/18/2015,69.901165
2/19/2015,70.360498
2/20/2015,70.886997
2/21/2015,70.5118315
2/22/2015,70.231498
2/23/2015,70.2551645
2/24/2015,70.398497
2/25/2015,70.5974985
2/26/2015,70.2996645
2/27/2015,70.655165
2/28/2015,70.9836645
3/1/2015,71.169165
3/2/2015,71.5989985
3/3/2015,71.568499
3/4/2015,71.6581645
3/5/2015,71.4611645
3/6/2015,72.1651645
3/7/2015,71.824665
3/8/2015,71.8351645
3/9/2015,73.3349975
3/10/2015,72.928998
3/11/2015,72.1919985
3/12/2015,71.9163305
3/13/2015,71.9659975
3/14/2015,71.8989985
3/15/2015,71.836831
3/16/2015,71.403664
3/17/2015,71.363831
3/18/2015,71.5949975
3/19/2015,71.8914975
3/20/2015,71.5654975
3/21/2015,71.472331
3/22/2015,71.592664
3/23/2015,70.842498
3/24/2015,71.016664
3/25/2015,71.407498
3/26/2015,71.554165
3/27/2015,71.8466645
3/28/2015,71.954831
3/29/2015,72.508331
3/30/2015,73.1996645
3/31/2015,73.214498
4/1/2015,73.401664
4/2/2015,73.2896645
4/3/2015,73.3828315
4/4/2015,73.539498
4/5/2015,73.7089975
4/6/2015,73.786665
4/7/2015,73.9941645
4/8/2015,73.4168305
4/9/2015,73.0378315
4/10/2015,73.1656635
4/11/2015,72.819998
4/12/2015,73.019165
4/13/2015,72.828498
4/14/2015,71.8578315
4/15/2015,72.375832
4/16/2015,72.252498
4/17/2015,71.8974975
4/18/2015,72.622331
4/19/2015,73.134498
4/20/2015,73.5139985
4/21/2015,73.135998
4/22/2015,73.048998
4/23/2015,72.642997
4/24/2015,73.1614975
4/25/2015,73.366331
4/26/2015,73.2671635
4/27/2015,73.4528305
4/28/2015,73.5324985
4/29/2015,73.2839975
4/30/2015,72.8331645
5/1/2015,72.537998
5/2/2015,72.652331
5/3/2015,73.1594975
5/4/2015,73.373997
5/5/2015,73.546164
5/6/2015,73.414498
5/7/2015,72.462498
5/8/2015,72.5079975
5/9/2015,72.6739985
5/10/2015,72.706331
5/11/2015,72.5946645
5/12/2015,72.8604985
5/13/2015,72.819331
5/14/2015,73.3091645
5/15/2015,73.3088305
5/16/2015,73.5118305
5/17/2015,73.829831
5/18/2015,73.703831
5/19/2015,73.587998
5/20/2015,73.575664
5/21/2015,73.385331
5/22/2015,73.3986645
5/23/2015,73.3601645
5/24/2015,73.350831
5/25/2015,73.4911645
5/26/2015,73.653664
5/27/2015,73.845331
5/28/2015,73.440498
5/29/2015,77.1142572222
5/30/2015,73.9913305
5/31/2015,73.99983
6/1/2015,74.121164
6/2/2015,74.1846635
6/3/2015,74.109664
6/4/2015,73.6741645
6/5/2015,72.945665
6/6/2015,72.7199975
6/7/2015,72.5719975
6/8/2015,73.3045589474
6/9/2015,72.4529975
6/10/2015,72.5891645
6/11/2015,71.8706645
6/12/2015,72.0081635
6/13/2015,72.1456635
6/14/2015,72.756664
6/15/2015,73.3461635
6/16/2015,73.552331
6/17/2015,74.2214975
6/18/2015,73.7721645
6/19/2015,74.583164
6/20/2015,75.0344975
6/21/2015,81.7048970588
6/22/2015,68.6468488889
6/23/2015,75.240664
6/24/2015,75.3701635
6/25/2015,71.0320005
6/26/2015,75.6176645
6/27/2015,75.54733
6/28/2015,75.8924965
6/29/2015,75.415664
6/30/2015,75.97933
7/1/2015,76.086831
7/2/2015,76.248832
7/3/2015,76.1188305
7/4/2015,75.724831
7/5/2015,75.920163
7/6/2015,75.3883315
7/7/2015,75.9053315
7/8/2015,75.1948295
7/9/2015,75.362831
7/10/2015,75.4046645
7/11/2015,75.76133
7/12/2015,75.032331
7/13/2015,75.5618305
7/15/2015,74.9789975
7/16/2015,75.1943315
7/17/2015,74.6294975
7/18/2015,74.9281635
7/19/2015,75.1474965
7/20/2015,75.367998
7/21/2015,75.6153315
7/22/2015,75.692664
7/23/2015,75.9374965
7/24/2015,74.946997
7/25/2015,75.0373315
7/26/2015,75.182665
7/27/2015,75.7904975
7/28/2015,74.505831
7/29/2015,74.74333
7/30/2015,74.564998
7/31/2015,75.1073305
8/1/2015,74.442498
8/2/2015,75.342164
8/3/2015,75.5746645
8/4/2015,75.765331
8/5/2015,75.81833
8/6/2015,75.581998
8/7/2015,75.4804975
8/8/2015,75.5466635
8/9/2015,75.521497
8/10/2015,75.6154975
8/11/2015,75.7639975
8/12/2015,75.726498
8/13/2015,76.0469975
8/14/2015,75.90083
8/15/2015,75.8319975
8/16/2015,75.6018305
8/17/2015,76.03633
8/18/2015,76.3529975
8/19/2015,76.4604965
8/20/2015,76.2493315
8/21/2015,75.9328305
8/22/2015,80.528
8/23/2015,76.075664
8/24/2015,80.104
8/25/2015,76.29233
8/26/2015,76.4296635
8/27/2015,76.6109975
8/28/2015,76.6978305
8/29/2015,76.754498
8/30/2015,76.7583315
8/31/2015,76.7146645
9/1/2015,76.5203305
9/2/2015,76.573497
9/3/2015,76.799831
9/4/2015,77.372998
9/5/2015,77.4941645
9/6/2015,77.51133
9/7/2015,77.455497
9/8/2015,77.522663
9/9/2015,77.451496
9/10/2015,77.540997
9/11/2015,77.418663
9/12/2015,77.5679975
9/13/2015,78.15933
9/14/2015,78.2243305
9/15/2015,78.4433305
9/16/2015,78.3711635
9/17/2015,78.0079975
9/18/2015,78.316331
9/19/2015,78.2799975
9/20/2015,78.3754975
9/21/2015,78.5343315
9/22/2015,78.739664
9/23/2015,78.760497
9/24/2015,78.826331
9/25/2015,78.6593295
9/26/2015,78.4646635
9/27/2015,78.245497
9/28/2015,78.479664
9/29/2015,78.7108295
9/30/2015,78.718664
10/1/2015,78.6776645
10/2/2015,78.511498
10/3/2015,78.3271645
10/4/2015,78.5933315
10/5/2015,78.968997
10/6/2015,79.196664
10/7/2015,79.2808315
10/8/2015,78.9559975
10/9/2015,78.9349965
10/10/2015,79.015998
10/11/2015,78.940497
10/12/2015,78.13333
10/13/2015,77.3989975
10/14/2015,77.5528305
10/15/2015,77.5273315
10/16/2015,77.137331
10/17/2015,77.5373305
10/18/2015,77.190498
10/19/2015,77.8913315
10/20/2015,77.818331
10/21/2015,78.0169975
10/22/2015,78.2398305
10/23/2015,78.522331
10/24/2015,78.7438305
10/25/2015,79.0021635
10/26/2015,78.9949975
10/27/2015,79.0943305
10/28/2015,79.1139965
10/29/2015,79.2766635
10/30/2015,79.582497
10/31/2015,79.693163
11/1/2015,79.557497
11/2/2015,79.766497
11/3/2015,79.665663
11/4/2015,79.8311635
11/5/2015,79.66633
11/6/2015,79.295164
11/7/2015,79.3606635
11/8/2015,78.993163
11/9/2015,78.5123305
11/10/2015,78.415497
11/11/2015,78.313164
11/12/2015,77.910164
11/13/2015,77.7646645
11/14/2015,78.509331
11/15/2015,78.350163
11/16/2015,78.410164
11/17/2015,77.947831
11/18/2015,77.4968305
11/19/2015,77.3589965
11/20/2015,77.573663
11/21/2015,77.03733
11/22/2015,76.7849965
11/23/2015,77.0973305
11/24/2015,76.7298305
11/25/2015,76.0976635
11/26/2015,76.32883
11/27/2015,77.1158305
11/28/2015,76.7543305
11/29/2015,76.372164
11/30/2015,77.1463305
12/1/2015,76.0288305
12/2/2015,75.680831
12/3/2015,75.2714975
12/4/2015,74.579164
12/5/2015,73.866164
12/6/2015,75.36983
12/7/2015,75.2321645
12/8/2015,76.0191635
12/9/2015,76.6296635
12/10/2015,76.4366635
12/11/2015,76.7049975
12/12/2015,76.58983
12/13/2015,77.160331
12/14/2015,77.618163
12/15/2015,77.19283
12/16/2015,77.87983
12/17/2015,77.9028305
12/18/2015,77.5679965
12/19/2015,77.61383
12/20/2015,77.3171635
12/21/2015,77.6171645
12/22/2015,77.9203305
12/23/2015,77.7751635
12/24/2015,77.8134965
12/25/2015,77.906497
12/26/2015,77.6454975
12/27/2015,77.7244975
12/28/2015,77.83633
12/29/2015,78.131664
12/30/2015,78.028163
12/31/2015,78.970997
1/1/2016,78.887997
1/2/2016,79.099163
1/3/2016,79.0763305
1/4/2016,78.755164
1/5/2016,78.306496
1/6/2016,78.213663
1/7/2016,78.522497
1/8/2016,78.6278295
1/9/2016,78.58933
1/10/2016,78.457164
1/11/2016,77.9176635
1/12/2016,78.2818305
1/13/2016,77.62033
1/14/2016,77.3849965
1/15/2016,77.105663
1/16/2016,75.980497
1/17/2016,75.8874965
1/18/2016,77.6713305
1/19/2016,77.9254955
1/20/2016,78.1794965
1/21/2016,76.9136842105
1/22/2016,76.6194736842
1/23/2016,78.182664
1/24/2016,76.9478947368
1/25/2016,76.9584215789
1/26/2016,76.8963168421
1/27/2016,77.6444965
1/28/2016,77.2659965
1/29/2016,75.6952636842
1/30/2016,75.7226321053
1/31/2016,76.3078936842
2/1/2016,76.7168415789
2/2/2016,77.877663
2/3/2016,77.962663
2/4/2016,75.6089468421
2/5/2016,76.2194747368
2/6/2016,75.5463163158
2/7/2016,77.957163
2/8/2016,78.074663
2/9/2016,78.546997
2/10/2016,78.7081635
2/11/2016,78.474164
2/12/2016,76.6678947368
2/13/2016,78.43333
2/14/2016,76.0352631579
2/15/2016,75.9689484211
2/16/2016,77.49633
2/17/2016,76.5973678947
2/18/2016,76.7989478947
2/19/2016,76.9273684211
2/20/2016,77.0526321053
2/21/2016,77.957496
2/22/2016,78.07233
2/23/2016,78.0054965
2/24/2016,78.451163
2/25/2016,78.88983
2/26/2016,78.8238295
2/27/2016,78.822496
2/28/2016,78.6479965
2/29/2016,78.686329
3/1/2016,79.03483
3/2/2016,79.147497
3/3/2016,79.26533
3/4/2016,79.401663
3/5/2016,79.314662
3/6/2016,79.157163
3/7/2016,79.0696635
3/8/2016,78.705496
3/9/2016,78.7418295
3/10/2016,78.0908295
3/11/2016,77.551997
3/12/2016,77.14033
3/13/2016,76.817996
3/14/2016,77.0588295
3/15/2016,77.0513295
3/16/2016,77.2006635
3/17/2016,77.419329
3/18/2016,77.5174965
3/19/2016,78.5209965
3/20/2016,79.067997
3/21/2016,79.219496
3/22/2016,79.186496
3/23/2016,79.0826635
3/24/2016,77.832663
3/25/2016,77.745163
3/26/2016,78.303329
3/27/2016,78.244496
3/28/2016,78.134829
3/29/2016,78.156329
3/30/2016,78.442663
3/31/2016,78.8188305
4/1/2016,79.0846635
4/2/2016,79.1533295
4/3/2016,79.38083
4/4/2016,79.599663
4/5/2016,79.4396635
4/6/2016,79.7763295
4/7/2016,80.013163
4/8/2016,79.512996
4/9/2016,79.516496
4/10/2016,79.9383295
4/11/2016,79.9198285
4/12/2016,79.708829
4/13/2016,80.304663
4/14/2016,80.596997
4/15/2016,80.098997
4/16/2016,79.691663
4/17/2016,79.45133
4/18/2016,79.1733295
4/19/2016,79.7173295
4/20/2016,79.589496
4/21/2016,79.2749965
4/22/2016,78.6678295
4/23/2016,79.6213295
4/24/2016,79.74683
4/25/2016,78.934163
4/26/2016,79.5903305
4/27/2016,79.67833
4/28/2016,79.9891635
4/29/2016,80.0693295
4/30/2016,79.960663
5/1/2016,79.863996
5/2/2016,79.83533
5/3/2016,79.9323285
5/4/2016,79.5993285
5/5/2016,79.1756625
5/6/2016,79.40583
5/7/2016,79.450663
5/8/2016,79.4411625
5/9/2016,79.1766625
5/10/2016,79.3004965
5/11/2016,78.9128295
5/12/2016,78.258163
5/13/2016,78.576162
5/14/2016,78.33283
5/15/2016,78.467663
5/16/2016,78.9471625
5/17/2016,78.7444965
5/18/2016,78.184996
5/19/2016,78.2264965
5/20/2016,78.7239965
5/21/2016,79.0434965
5/22/2016,79.347663
5/23/2016,79.4276625
5/24/2016,79.2741625
5/25/2016,79.214996
5/26/2016,78.9009965
5/27/2016,78.502996
5/28/2016,77.8891625
5/29/2016,77.833329
5/30/2016,77.906997
5/31/2016,77.939329
6/1/2016,77.1936625
6/2/2016,77.3084965
6/3/2016,77.132996
6/4/2016,77.3181615
6/5/2016,77.424162
6/6/2016,77.754497
6/7/2016,78.0328295
6/8/2016,78.3339965
6/9/2016,78.5486625
6/10/2016,78.6769955
6/11/2016,78.488329
6/12/2016,78.2948285
6/13/2016,77.736828
6/14/2016,77.929996
6/15/2016,77.4938295
6/16/2016,76.511496
6/17/2016,76.6129955
6/18/2016,77.188996
6/19/2016,77.1454955
6/20/2016,77.654996
6/21/2016,77.189997
6/22/2016,77.1398285
6/23/2016,77.1849965
6/24/2016,76.9421625
6/25/2016,76.3123295
6/26/2016,76.604829
6/27/2016,76.6303295
6/28/2016,76.2983295
6/29/2016,76.61583
6/30/2016,76.488329
7/1/2016,76.426664
7/2/2016,76.687829
7/3/2016,76.3763295
7/4/2016,76.004829
7/5/2016,74.7746625
7/6/2016,70.7619965
7/7/2016,73.1876625
7/8/2016,71.99183
7/9/2016,73.3709965
7/10/2016,73.87733
7/11/2016,73.8669965
7/12/2016,72.4349955
7/13/2016,72.7703295
7/14/2016,73.131329
7/15/2016,72.1673305
7/16/2016,73.0484965
7/17/2016,73.87233
7/18/2016,72.6766625
7/19/2016,72.8789955
7/20/2016,73.3936635
7/21/2016,73.2748295
7/22/2016,73.8621635
7/23/2016,74.152163
7/24/2016,73.713497
7/25/2016,73.7489965
7/26/2016,72.5419965
7/27/2016,72.6919955
7/28/2016,72.1191625
7/29/2016,72.7224965
7/30/2016,71.4038295
7/31/2016,70.4041635
8/1/2016,71.024663
8/2/2016,71.575996
8/3/2016,71.1733305
8/4/2016,73.103331
8/5/2016,73.3489975
8/6/2016,73.684497
8/7/2016,73.6626635
8/8/2016,74.4569965
8/9/2016,74.6414965
8/10/2016,74.199663
8/11/2016,74.172163
8/12/2016,74.081163
8/13/2016,75.00083
8/14/2016,74.8286635
8/15/2016,74.9038305
8/16/2016,74.9238305
8/17/2016,74.63133
8/18/2016,75.5181635
8/19/2016,75.518497
8/20/2016,75.2783295
8/21/2016,75.7031625
8/22/2016,75.7093305
8/23/2016,75.8261635
8/24/2016,75.566997
8/25/2016,76.1258295
8/26/2016,76.5424975
8/27/2016,76.0471625
8/28/2016,75.369831
8/29/2016,75.114663
8/30/2016,74.5971625
8/31/2016,75.0744965
9/1/2016,74.2719965
9/2/2016,73.725831
9/3/2016,73.2668305
9/4/2016,74.129331
9/5/2016,74.1849955
9/6/2016,74.970329
9/7/2016,75.1309965
9/9/2016,74.766163
9/10/2016,75.011663
9/11/2016,75.0369965
9/12/2016,74.8999965
9/13/2016,75.176163
9/14/2016,74.822163
9/15/2016,74.6039965
9/16/2016,73.744663
9/17/2016,74.0414965
9/18/2016,73.8439965
9/19/2016,73.2561635
9/20/2016,72.806164
9/21/2016,73.385163
9/22/2016,73.8991625
9/23/2016,74.350829
9/24/2016,73.19383
9/25/2016,72.983663
9/26/2016,73.1743305
9/27/2016,73.624163
9/28/2016,73.929663
9/29/2016,73.6296635
9/30/2016,74.041996
10/1/2016,73.9596635
10/2/2016,73.5286625
10/3/2016,72.5643305
10/4/2016,72.4711625
10/5/2016,71.7701635
10/6/2016,70.987997
10/7/2016,71.039997
10/8/2016,70.313496
10/9/2016,70.1679975
10/10/2016,70.356163
10/12/2016,68.31633
10/14/2016,67.7838305
10/15/2016,71.11298
10/16/2016,68.114331
10/17/2016,64.0138305
10/18/2016,67.7766627778
10/19/2016,69.2824975
10/20/2016,69.316497
10/21/2016,69.121497
10/22/2016,69.60283
10/23/2016,69.5103305
10/24/2016,69.37033
10/25/2016,69.685665
10/26/2016,69.542831
10/27/2016,68.304664
10/28/2016,68.371331
10/29/2016,67.770498
10/30/2016,68.301998
10/31/2016,69.1441635
11/1/2016,69.6983305
11/2/2016,70.303164
11/3/2016,69.72933
11/4/2016,70.4934985
11/5/2016,70.4908295
11/6/2016,69.733998
11/7/2016,70.4226635
11/8/2016,71.072998
11/9/2016,70.711997
11/10/2016,70.7616635
11/11/2016,71.4623315
11/12/2016,71.9329965
11/13/2016,72.4926635
11/14/2016,72.303164
11/15/2016,72.6846645
11/16/2016,72.221497
11/17/2016,69.072998
11/18/2016,72.8784975
11/19/2016,72.8287689474
11/20/2016,72.5926645
11/21/2016,72.5926645
11/22/2016,73.4339985
11/23/2016,73.674331
11/24/2016,73.5861645
11/25/2016,69.8110494737
11/26/2016,73.476497
11/27/2016,72.7313315
11/28/2016,73.210164
11/29/2016,72.9919975
11/30/2016,74.125997
12/1/2016,73.9511635
12/2/2016,73.523498
12/3/2016,74.2606635
12/4/2016,73.7674965
12/5/2016,73.6751635
12/6/2016,74.24433
12/7/2016,74.4338305
12/8/2016,74.4909975
12/9/2016,77.5275405263
12/10/2016,75.0944965
12/11/2016,75.287664
12/12/2016,75.192497
12/13/2016,74.931164
12/14/2016,75.845331
12/15/2016,75.7698305
12/16/2016,75.8276635
12/17/2016,75.473497
12/18/2016,75.311663
12/19/2016,75.5046635
12/20/2016,75.4036635
12/21/2016,75.4019975
12/22/2016,75.282663
12/23/2016,75.234664
12/24/2016,75.119664
12/25/2016,74.551664
12/26/2016,74.674997
12/27/2016,74.228164
12/28/2016,74.3984985
12/29/2016,74.7821645
12/30/2016,75.2008305
12/31/2016,74.90783
1/1/2017,73.5964975
1/2/2017,74.4213305
1/3/2017,74.7111645
1/4/2017,74.0788305
1/5/2017,73.666164
1/6/2017,73.90783
1/7/2017,73.98433
1/8/2017,74.1916635
1/9/2017,74.7608305
1/10/2017,75.120331
1/11/2017,74.9704975
1/14/2017,74.8791635
1/15/2017,75.111663
1/16/2017,75.8089975
1/17/2017,75.9539975
1/18/2017,76.120664
1/19/2017,76.478997
1/20/2017,76.3548305
1/21/2017,75.971498
1/22/2017,75.5633305
1/23/2017,75.335164
1/24/2017,75.4014965
1/25/2017,75.0934975
1/26/2017,75.352663
1/27/2017,75.571331
1/28/2017,75.398997
1/29/2017,75.377163
1/30/2017,75.703664
1/31/2017,74.4999975
2/1/2017,74.085164
2/2/2017,74.218998
2/3/2017,75.2654975
2/4/2017,75.8274975
2/5/2017,76.5741645
2/6/2017,76.629664
2/7/2017,76.306831
2/8/2017,76.9219975
2/9/2017,77.1484975
2/10/2017,77.8419975
2/11/2017,78.0118295
2/12/2017,78.25333
2/13/2017,78.2633295
2/14/2017,78.2154975
2/15/2017,78.0979975
2/16/2017,78.15183
2/17/2017,78.0936635
2/18/2017,78.2381645
2/19/2017,78.26883
2/20/2017,78.375664
2/21/2017,78.225997
2/22/2017,78.4608305
2/23/2017,78.5048295
2/24/2017,78.5769985
2/25/2017,78.8401645
2/26/2017,78.8009955
2/27/2017,78.4024975
2/28/2017,78.786496
3/1/2017,78.9454975
3/2/2017,79.0971635
3/3/2017,79.1534965
3/4/2017,79.382829
3/5/2017,79.24583
3/6/2017,79.448163
3/7/2017,79.524663
3/8/2017,79.5849975
3/9/2017,79.2674965
3/10/2017,79.5333305
3/11/2017,79.344996
3/12/2017,79.307163
3/13/2017,79.6549965
3/14/2017,79.351664
3/15/2017,78.793663
3/16/2017,78.922497
3/17/2017,78.6826635
3/18/2017,78.912496
3/19/2017,78.603997
3/20/2017,78.3454975
3/21/2017,78.874664
3/22/2017,79.0298305
3/23/2017,79.5023295
3/24/2017,79.42983
3/25/2017,78.706164
3/26/2017,77.259164
3/27/2017,77.961497
3/28/2017,77.3798295
3/29/2017,77.3523305
3/30/2017,77.5298305
3/31/2017,77.7151635
4/1/2017,77.785997
4/2/2017,77.8759975
4/3/2017,78.943663
4/4/2017,78.8163305
4/5/2017,78.3473295
4/6/2017,78.0238305
4/7/2017,78.4784965
4/8/2017,78.605997
4/9/2017,78.3818295
4/10/2017,78.3171635
4/11/2017,78.187497
4/12/2017,77.932497
4/13/2017,77.6671635
4/14/2017,77.853164
4/15/2017,77.8626635
4/16/2017,77.66433
4/17/2017,76.948163
4/18/2017,76.5591635
4/19/2017,77.037996
4/20/2017,76.6303305
4/21/2017,77.068331
4/22/2017,77.161831
4/23/2017,77.143497
4/24/2017,76.936831
4/25/2017,77.4346635
4/26/2017,77.2944975
4/27/2017,76.9323315
4/28/2017,77.205497
4/29/2017,76.654831
4/30/2017,76.47133
5/1/2017,76.4716635
5/2/2017,75.9708305
5/3/2017,75.694831
5/4/2017,75.3358305
5/5/2017,76.0731645
5/6/2017,76.37583
5/7/2017,76.8094965
5/8/2017,77.4856635
5/9/2017,76.4153305
5/10/2017,76.1536635
5/11/2017,76.4708295
5/12/2017,76.4731635
5/13/2017,76.56533
5/14/2017,76.536497
5/15/2017,76.5896635
5/16/2017,77.0599965
5/17/2017,76.36683
5/18/2017,76.9539975
5/19/2017,76.983996
5/20/2017,76.6489975
5/21/2017,77.008164
5/22/2017,76.557497
5/23/2017,76.2168305
5/24/2017,76.5403295
5/25/2017,76.712997
5/26/2017,76.8116635
5/29/2017,77.5528305
5/30/2017,77.806331
5/31/2017,77.910497
6/1/2017,77.09083
6/2/2017,77.156496
6/3/2017,77.0918305
6/4/2017,77.0769965
6/5/2017,77.183997
6/6/2017,76.800665
6/7/2017,76.8003305
6/8/2017,77.0518305
6/9/2017,77.204664
6/10/2017,76.919164
6/11/2017,77.1396635
6/12/2017,77.1559965
6/13/2017,77.5248295
6/14/2017,78.020664
6/15/2017,78.149497
6/16/2017,78.361164
6/17/2017,78.4313305
6/18/2017,78.36633
6/19/2017,78.5383305
6/20/2017,78.4759975
6/21/2017,78.621997
6/22/2017,78.5549965
6/23/2017,78.412997
6/24/2017,78.324497
6/25/2017,78.3904975
6/26/2017,78.511996
6/27/2017,78.7631635
6/28/2017,78.910497
6/29/2017,78.856497
6/30/2017,78.6044975
7/1/2017,78.3813305
7/2/2017,78.8201635
7/3/2017,78.7753305
7/4/2017,79.0609975
7/5/2017,79.2101635
7/6/2017,79.258664
7/7/2017,79.1636635
7/8/2017,79.4989975
7/9/2017,79.6868305
7/10/2017,79.9823305
7/11/2017,80.1804965
7/12/2017,80.241497
7/13/2017,80.882164
7/14/2017,80.5249965
7/15/2017,80.8468305
7/16/2017,81.0061635
7/17/2017,81.27483
7/18/2017,80.834664
7/19/2017,81.093497
7/20/2017,81.250497
7/21/2017,81.384497
7/22/2017,81.502997
7/23/2017,81.146997
7/24/2017,81.138663
7/25/2017,80.876331
7/26/2017,80.540497
7/27/2017,80.245331
7/28/2017,80.592997
7/29/2017,80.52333
7/30/2017,80.335497
7/31/2017,80.4614965
8/1/2017,81.379664
8/2/2017,80.9858295
8/3/2017,80.88133
8/4/2017,81.18183
8/5/2017,80.289498
8/6/2017,80.361497
8/7/2017,80.42483
8/8/2017,80.0798295
8/9/2017,80.4874965
8/10/2017,80.7413305
8/11/2017,80.9221635
8/12/2017,80.80433
8/13/2017,80.8748305
8/14/2017,80.7381635
8/15/2017,81.04333
8/16/2017,80.698331
8/17/2017,80.7909965
8/18/2017,80.7419975
8/19/2017,80.8058295
8/20/2017,80.888497
8/21/2017,80.7979975
8/22/2017,80.6868295
8/23/2017,80.809163
8/24/2017,80.9026635
8/25/2017,80.75933
8/26/2017,80.9098305
8/27/2017,81.3034965
8/28/2017,81.466497
8/29/2017,81.5909955
8/30/2017,81.65533
9/1/2017,81.689497
9/2/2017,81.7374975
9/3/2017,81.6219965
9/4/2017,81.347663
9/5/2017,81.3393305
9/6/2017,81.457997
9/7/2017,81.3959975
9/8/2017,81.43183
9/9/2017,81.4039975
9/10/2017,81.543831
9/11/2017,81.8061635
9/12/2017,82.0753305
9/13/2017,81.715497
9/14/2017,80.777497
9/15/2017,81.417997
9/16/2017,81.7634965
9/17/2017,82.0273305
9/18/2017,81.946998
9/19/2017,82.28633
9/20/2017,82.3048295
9/21/2017,82.225497
9/22/2017,82.224997
9/23/2017,82.203997
9/24/2017,82.7891635
9/25/2017,82.944497
9/26/2017,82.8699965
9/27/2017,82.874497
9/28/2017,82.793831
9/29/2017,82.7336635
9/30/2017,82.448997
10/1/2017,82.602496
10/2/2017,83.1204965
10/3/2017,82.3564965
10/4/2017,82.443663
10/5/2017,82.6534975
10/6/2017,82.7681635
10/7/2017,82.6794955
10/8/2017,82.929164
10/9/2017,82.97633
10/10/2017,83.312996
10/11/2017,83.080997
10/12/2017,82.786996
10/13/2017,83.0193295
10/14/2017,82.7609965
10/15/2017,82.7791635
10/16/2017,82.6503315
10/17/2017,82.43533
10/18/2017,82.133497
10/19/2017,82.2383295
10/20/2017,82.3631635
10/21/2017,82.992664
10/22/2017,83.1438305
10/23/2017,83.451663
10/24/2017,83.6768305
10/25/2017,83.7113295
10/26/2017,84.02733
10/27/2017,84.4148305
10/28/2017,84.29483
10/29/2017,84.397996
10/30/2017,84.597162
10/31/2017,84.45833
11/1/2017,84.828997
11/2/2017,84.3679955
11/3/2017,84.7346625
11/4/2017,84.820331
11/5/2017,84.821497
11/6/2017,84.8196625
11/7/2017,84.726996
11/8/2017,84.6569975
11/9/2017,84.776163
11/10/2017,84.485997
11/11/2017,84.4533295
11/12/2017,83.7921635
11/13/2017,84.2214965
11/14/2017,84.2706635
11/15/2017,84.381497
11/16/2017,84.3071635
11/17/2017,83.638996
11/18/2017,83.9334975
11/19/2017,84.165496
11/20/2017,84.394497
11/21/2017,84.547496
11/22/2017,84.6879965
11/23/2017,84.471496
11/24/2017,84.723663
11/25/2017,85.2444965
11/26/2017,85.7899965
11/27/2017,85.7899965
11/28/2017,85.8074965
11/29/2017,85.823996
11/30/2017,86.010996
12/1/2017,86.01583
12/2/2017,86.1106625
12/3/2017,86.28733
12/4/2017,86.2718305
12/5/2017,86.1874965
12/6/2017,86.23683
12/7/2017,86.34033
12/8/2017,86.34383
12/9/2017,86.3384975
12/10/2017,86.1961625
12/11/2017,85.9498295
12/12/2017,85.835496
12/13/2017,85.894829
12/14/2017,85.631162
12/15/2017,85.5801635
12/16/2017,85.8394965
12/17/2017,85.9871635
12/18/2017,86.306331
12/19/2017,86.537497
12/20/2017,86.7504955
12/21/2017,86.635996
12/22/2017,86.887163
12/23/2017,87.045331
12/24/2017,87.0723295
12/25/2017,87.1033305
12/26/2017,87.3828295
12/27/2017,80.17375125
12/28/2017,87.21733
12/29/2017,87.40233
12/30/2017,87.11283
12/31/2017,87.372997
1/1/2018,87.32233
1/2/2018,87.054997
1/3/2018,86.9524965
1/4/2018,86.647997
1/5/2018,86.5684965
1/6/2018,86.8518305
1/7/2018,86.941329
1/8/2018,87.1659975
1/9/2018,87.65183
1/10/2018,87.5431625
1/11/2018,87.245329
1/12/2018,87.2453295
1/13/2018,87.0914975
1/14/2018,87.08933
1/15/2018,86.7319965
1/16/2018,87.0618295
1/17/2018,87.346164
1/18/2018,79.9575
1/19/2018,87.70083
1/20/2018,88.015497
1/21/2018,87.1752636842
1/22/2018,88.1593305
1/23/2018,88.1696635
1/24/2018,88.133998
1/25/2018,88.321996
1/26/2018,88.2859965
1/27/2018,88.5349995
1/28/2018,89.0270005
1/29/2018,88.4234995
1/30/2018,87.9474995
1/31/2018,87.7399995
2/1/2018,88.5245
2/2/2018,88.5415
2/3/2018,88.8339995
2/4/2018,88.9415
2/5/2018,88.8170015
2/6/2018,89.3760005
2/7/2018,89.2845005
2/8/2018,89.125
2/9/2018,88.9925005
2/10/2018,89.1519995
2/11/2018,89.2014995
2/12/2018,89.4605
2/13/2018,89.755
2/14/2018,89.968999
2/15/2018,90.0899995
2/16/2018,90.5265
2/17/2018,91.1290005
2/18/2018,91.2605
2/19/2018,91.4345
2/20/2018,91.4635
2/21/2018,91.2924995
2/22/2018,91.586
2/23/2018,92.1859995
2/24/2018,92.1859995
2/25/2018,93.075
2/26/2018,92.826001
2/27/2018,93.076501
2/28/2018,93.1025005
3/1/2018,93.2685005
3/2/2018,94.058
3/3/2018,94.6615
3/4/2018,94.8629995
3/5/2018,94.9215015
3/6/2018,95.1254995
3/7/2018,94.205001
3/8/2018,94.4665
3/9/2018,93.7025
3/10/2018,93.2029995
3/11/2018,91.5969995
3/12/2018,88.3515005
3/13/2018,90.376999
3/14/2018,90.0105005
3/15/2018,88.0175
3/16/2018,88.705
3/17/2018,88.9114995
3/18/2018,89.018499
3/19/2018,91.113
3/20/2018,91.1989985
3/21/2018,90.869
3/22/2018,90.898501
3/23/2018,90.603
3/24/2018,90.917
3/25/2018,91.9909985
3/26/2018,92.3165
3/27/2018,91.527499
3/28/2018,90.374
3/29/2018,89.1235
3/30/2018,89.6429995
3/31/2018,91.1914995
4/1/2018,90.4215
4/2/2018,91.087999
4/3/2018,91.499501
4/4/2018,92.3455005
4/5/2018,92.5965005
4/6/2018,92.1635
4/7/2018,91.7575005
4/8/2018,91.326001
4/9/2018,91.0144995
4/10/2018,90.436001
4/11/2018,90.5785
4/12/2018,90.0040005
4/13/2018,89.205501
4/14/2018,88.9714995
4/15/2018,89.9080005
4/16/2018,88.424
4/17/2018,88.5005005
4/18/2018,88.874
4/19/2018,87.9540005
4/20/2018,87.2190005
4/21/2018,89.3289995
4/22/2018,88.7765005
4/23/2018,88.4389995
4/24/2018,89.1920005
4/25/2018,89.2460005
4/26/2018,89.632
4/27/2018,90.0145
4/28/2018,89.8515
4/29/2018,90.246999
4/30/2018,90.889
5/1/2018,90.7015
5/2/2018,90.1730005
5/3/2018,89.579
5/4/2018,89.7710005
5/5/2018,88.4759995
5/6/2018,89.0094995
5/7/2018,89.6845005
5/8/2018,89.747501
5/9/2018,88.8085
5/10/2018,88.962
5/11/2018,88.399
5/12/2018,88.126999
5/13/2018,89.3485
5/14/2018,89.2345005
5/15/2018,89.435
5/16/2018,90.1909995
5/17/2018,90.6905005
5/18/2018,91.0345
5/19/2018,90.244499
5/20/2018,90.1484995
5/21/2018,90.258999
5/22/2018,90.0235
5/23/2018,90.4764995
5/24/2018,90.659499
5/25/2018,89.8959995
5/26/2018,90.409501
5/27/2018,90.258999
5/28/2018,89.6410005
5/29/2018,89.783
5/30/2018,90.2755005
5/31/2018,90.2884995
6/1/2018,90.8515005
6/2/2018,90.8864995
6/3/2018,91.075
6/4/2018,91.606501
6/5/2018,91.312001
6/6/2018,91.6405005
6/7/2018,91.7439995
6/8/2018,91.8414995
6/9/2018,91.7730005
6/10/2018,91.2444995
