indice_tiempo,lebac_interna_pesos_2017_1_4,lebac_interna_pesos_2017_1_11,lebac_interna_pesos_2017_1_18,lebac_interna_pesos_2017_1_25,lebac_interna_pesos_2017_2_1,lebac_interna_pesos_2017_2_8,lebac_interna_pesos_2017_2_15,lebac_interna_pesos_2017_2_22,lebac_interna_pesos_2017_3_1,lebac_interna_pesos_2017_3_8,lebac_interna_pesos_2017_3_15,lebac_interna_pesos_2017_3_22,lebac_interna_pesos_2017_3_29,lebac_interna_pesos_2017_4_5,lebac_interna_pesos_2017_4_12,lebac_interna_pesos_2017_4_19,lebac_interna_pesos_2017_4_26,lebac_interna_pesos_2017_5_3,lebac_interna_pesos_2017_5_10,lebac_interna_pesos_2017_5_17,lebac_interna_pesos_2017_5_24,lebac_interna_pesos_2017_5_31,lebac_interna_pesos_2017_6_7,lebac_interna_pesos_2017_6_21,lebac_interna_pesos_2017_7_19,lebac_interna_pesos_2017_8_16,lebac_interna_pesos_2017_9_20,lebac_interna_pesos_2017_10_18,lebac_interna_pesos_2017_11_15,lebac_interna_pesos_2017_12_20,lebac_interna_pesos_2018_1_17,lebac_interna_pesos_2018_2_21,lebac_interna_pesos_2018_3_21,lebac_interna_pesos_2018_4_18,lebac_interna_pesos_2018_5_15,lebac_interna_pesos_2018_6_21,lebac_interna_pesos_2018_7_18,lebac_interna_pesos_2018_8_15,lebac_interna_pesos_2018_9_21,lebac_interna_pesos_2018_10_17,lebac_interna_pesos_2018_10_21
2017-01-02,0.23761371911899254,0.2385270805817546,0.23918124790974984,0.2386833284987836,0.2400138093491785,0.2424957969994498,0.23749765869818248,0.23999856196909986,,,0.23951853678561758,0.23999926497004315,,,,0.24000177819256488,,,,,,,,,,,,,,,,,,,,,,,,,
2017-01-03,0.23260203493197906,0.23838503365713637,0.2406935004469495,0.2384404115665075,0.23855872345158763,0.23853069675683977,0.2399214116313745,,,,,,,,,,,,,,,,0.23599944776107237,,,,,,,,,,,,,,,,,,
2017-01-04,,0.23191181069248892,0.23273795017482046,0.23120661123699604,0.23058810229414584,0.2310036515615625,0.2345028423395401,,,0.2329961993982699,0.23252312554240637,,,,,,,,,,,,,,0.23000054111772453,,,,,,,,,,,,,,,,
2017-01-05,,0.22771190294740692,0.22787456658045638,0.22771043408870337,0.22418974731552718,,0.2294691454254164,0.23500261677913792,,,0.2300338067953601,,,,,0.2300013901128877,,,,,,,,,0.22849941683746658,,,,,,,,,,,,,,,,
2017-01-06,,0.22631104011123207,0.22484928252613778,0.2224948782169614,0.22349918652120582,,0.22675930881551745,,,,0.2299985246998661,0.23000248549892874,,,,0.22948760117952635,,,,0.2275427023453961,,,0.23000363049989025,,,,,,,,,,,,,,,,,,
2017-01-07,,,,,,,,,,,,,,,,,,,,,,,,,,,,,,,,,,,,,,,,,
2017-01-08,,,,,,,,,,,,,,,,,,,,,,,,,,,,,,,,,,,,,,,,,
2017-01-09,,0.2242300388922125,0.22577605494193181,0.22836213194488933,0.22954073062469177,0.2324967125231895,0.23031744538357024,0.2275033141463262,0.22749736631233056,0.22749723731974425,0.22749849685828993,0.22771652770683834,,,,,,,,,,,,,,,,,,,,,,,,,,,,,
2017-01-10,,0.2242915419217517,0.22827456650364703,0.23284362981565873,0.23501969374469747,0.2324939305848494,0.23222076069703668,,,,0.23222792429355288,,,,,,,,,,,,,,,0.2260003368706977,,,,,,,,,,,,,,,
2017-01-11,,,0.22986650271660722,0.22901771111683566,0.23000830424827823,0.2275039829626152,0.23137215672910189,0.2299966401980014,,,0.2300006618705696,,,0.2269977952553274,0.22717043193189215,0.22999690076585114,0.22699805029660475,,,0.2259987861197394,,0.22599978887265754,0.22749980954145396,0.2250000023896664,,,0.22749996556481597,,,,,,,,,,,,,,
2017-01-12,,,0.2279019013280977,0.2293418877461453,0.2287867831009116,0.22999894870925272,0.2302834897912167,0.2290275926267292,0.23000339895663527,,0.23051726398743427,,,0.22899759762201996,,0.22697018482997378,,,,0.2259991402372216,,,,,,,,,,,,,,,,,,,,,
2017-01-13,,,0.22741285654489718,0.2261047366366941,0.22886677868887817,0.23033635297009777,0.23025717077612132,0.22799803305170122,,,0.2300394268520348,,,,,,,,,0.2250019263049712,,,,,,,0.22749999060894702,,,,,,,,,,,,,,
2017-01-14,,,,,,,,,,,,,,,,,,,,,,,,,,,,,,,,,,,,,,,,,
2017-01-15,,,,,,,,,,,,,,,,,,,,,,,,,,,,,,,,,,,,,,,,,
2017-01-16,,,0.22873251821700913,0.22614349319913313,0.22831675258926099,,0.23069266590597245,0.23000143374758536,,,0.22893509694549427,0.22500085005610448,,,,0.22799724909615865,,,,,,,,,,,,,,,,,,,,,,,,,
2017-01-17,,,0.23767110972120917,0.2280188089937417,0.2319294898078926,0.22910899860101852,0.233488705515215,0.22820566895452832,,,0.22902881879922435,,,0.22550197121435217,,0.2259123472428021,0.22499888726123043,,,,,,,,,,,,,,,,,,,,,,,,
2017-01-18,,,,0.2275688781187692,0.2280352872688863,0.22803265837239542,0.2335496608710577,0.23000134181210652,,,0.2301389910683399,,,,0.22148612466531575,0.22699937174434692,,,0.23000068325661124,,,,,,,0.22350026887294017,,,,,,,,,,,,,,,
2017-01-19,,,,0.2244520826563042,0.22590953050424656,0.22086742907862572,0.2321664271152306,,,,0.22943032324570883,,,,0.2193024064762988,0.22805134980467265,,,0.22749960286045248,,,,,,,,,,,,,,,,,,,,,,
2017-01-20,,,,0.22241895537045628,0.22416217564457866,0.22120912742941368,0.23245554332512308,,,,0.22884374159276127,,0.22850195659767855,,,0.22800206094846776,,,,,,,,,,,,,,,,,,,,,,,,,
2017-01-21,,,,,,,,,,,,,,,,,,,,,,,,,,,,,,,,,,,,,,,,,
2017-01-22,,,,,,,,,,,,,,,,,,,,,,,,,,,,,,,,,,,,,,,,,
2017-01-23,,,,0.2288477816732748,0.2237023673953521,0.2222870773839826,0.23301823071587535,0.22833236755915653,,,0.22890815774193668,0.22473122434624693,,,,0.22779563648075635,,,,,,,,,,,,,,,,,,,,,,,,,
2017-01-24,,,,0.22925805757527118,0.2264138229435543,,0.23340403244657634,0.22999964255073238,,,0.2306337929949681,0.22279467680708864,,,,0.22750808563462385,,,,,0.2275014413269571,,,,0.21999986023144072,,0.22749994021400174,,,,,,,,,,,,,,
2017-01-25,,,,,0.22256614030928076,0.2225477455711081,0.2320534655888839,0.22800330539110103,0.22913090158933605,0.22749750907556612,0.23107328369030442,0.22750068340638938,,,,0.22904043869858648,,,0.2257162476132848,0.2237493070940424,,0.2279997413843352,,,0.22800038477391915,0.22250080323001437,,,,,,,,,,,,,,,
2017-01-26,,,,,0.21456688633908574,0.22171302216368263,0.2315484827676584,0.22649025456283312,0.225003959220005,,0.23062694340445677,,,,,0.22838661108316172,,,,0.22366874703513034,,,,,,,0.21574488864688257,,,,,,,,,,,,,,
2017-01-27,,,,,0.21088248277397859,0.22379579297283136,0.22573762851514165,,0.2275004996146896,,0.22892745299330167,,,,0.21999825799146466,0.22717881206771157,,,0.22400046054588274,0.2239867632595532,,,,,0.2195920855590678,,,,,,,,,,,,,,,,
2017-01-28,,,,,,,,,,,,,,,,,,,,,,,,,,,,,,,,,,,,,,,,,
2017-01-29,,,,,,,,,,,,,,,,,,,,,,,,,,,,,,,,,,,,,,,,,
2017-01-30,,,,,0.2176239988876344,0.22699568017808874,0.22915315773470663,0.22949206151074905,,0.22899950086532178,0.2276569094404308,,,,,0.22499897353665252,,,0.22600191994834876,,,,,,,,0.22750017328340533,,,,,,,,,,,,,,
2017-01-31,,,,,0.23141793102946728,0.21798845282189588,0.23160263802645684,,0.2199977903156948,,0.22999935722910675,,,,,0.22499816988793242,,,,,,,,,,,0.22749994972529955,,,,,,,,,,,,,,
2017-02-01,,,,,,0.22156644365619624,0.23127546818770262,0.22497594666013027,,,0.2317896711431796,,,,,0.22920690904452673,,,,0.22096339585758898,,,,,0.21750091675834263,,0.2275012097121573,,0.21699961333820017,,,,,,,,,,,,
2017-02-02,,,,,,,0.2295524959169694,,,0.21449542739788455,0.22940713437274984,,,,,0.2281514960025294,,,,0.2217084725854535,,,,,,,,,0.2144580604435179,,,,,,,,,,,,
2017-02-03,,,,,,0.20085949842070108,0.22650883755561899,0.21199193103452094,,,0.226088466185076,0.21749314445787055,,,,0.22558576423861812,,,0.2149982219186414,0.21999886553157752,,,,0.20000134530061636,,0.21999776337582483,,,0.2174230121629715,,,,,,,,,,,,
2017-02-04,,,,,,,,,,,,,,,,,,,,,,,,,,,,,,,,,,,,,,,,,
2017-02-05,,,,,,,,,,,,,,,,,,,,,,,,,,,,,,,,,,,,,,,,,
2017-02-06,,,,,,0.21573063600463407,0.22580845157569032,,0.22250505566555645,0.22249699011208832,0.2253095588109108,0.20249770415596877,,,,0.22533888342444025,,,,0.21750049270896712,,,0.20537480851512202,,,,0.21499274603418456,,0.21693520274575312,,,,,,,,,,,,
2017-02-07,,,,,,0.20508456728961177,0.22498818452085095,0.21499425300111571,0.2224953112689461,0.22250004833971013,0.22278277957528084,,0.21499653589543205,,,0.221552943595114,,0.21499920040386888,,0.2148584776859256,,,,,,,,,,,,,,,,,,,,,
2017-02-08,,,,,,,0.21698652252746858,,,,0.21572823415037562,,,,0.20999554151129915,0.21092424230573933,,,,0.2091643492047998,,,,,,,,,0.21664650027473545,,,,,,,,,,,,
2017-02-09,,,,,,,0.21765409630515728,,,,0.21471645787315435,0.2099960666735663,,0.2124383310416052,,0.20777495533719656,,,,0.20708042748855135,,,,,0.21499947065833125,,0.22750003219992404,,0.2154909813734833,,,,,,,,,,,,
2017-02-10,,,,,,,0.2210969599583454,,,,0.2134655262396544,,,,,0.20547429662994277,,,,0.2110768131711743,,,,,0.2099990573465284,,0.21199985848961517,,0.21613116858085,,,,,,,,,,,,
2017-02-11,,,,,,,,,,,,,,,,,,,,,,,,,,,,,,,,,,,,,,,,,
2017-02-12,,,,,,,,,,,,,,,,,,,,,,,,,,,,,,,,,,,,,,,,,
2017-02-13,,,,,,,0.22563143695465693,0.20998329059652632,0.22030811867084069,,0.2204081775327769,,,0.20999978323259264,,0.22226203310645118,,,,0.21079783953800263,,,,,0.2099993807966662,,0.2275000488032053,,,,,,,,,,,,,,
2017-02-14,,,,,,,0.22795337481938738,,0.22250040954421238,0.2149979690176422,0.2252004558086724,,,,,0.22363638386086426,,,,0.21274921306610042,,,,,0.2275000413395294,,0.22750053058457317,,,,,,,,,,,,,,
2017-02-15,,,,,,,,0.21750494410925436,0.2099885225811382,0.20000092480631293,0.22264457085584508,0.2150001458023501,,0.2149975507818802,,0.2199251935366255,0.21250215956421628,,,0.2150381819310719,0.2099994278282524,,,,0.2109995899752101,,0.22750129792343582,0.2119994571039628,0.21249941200934594,,,,,,,,,,,,
2017-02-16,,,,,,,,0.21997507017785467,0.19068764843109276,,0.22276237804474697,,,0.21250400898835756,,0.21770821237387067,0.20988092514057674,0.21953570606669742,,0.2105542325414063,,,,,0.2130220129288875,0.22175339097029917,,,,,,,,,,,,,,,
2017-02-17,,,,,,,,0.19499145724208902,,,0.22009334210991527,,,,,0.21504658829669232,,,,0.2139805789815591,,0.21000015786064016,,,0.21362232220285965,,,,0.2120008740061222,,,,,,,,,,,,
2017-02-18,,,,,,,,,,,,,,,,,,,,,,,,,,,,,,,,,,,,,,,,,
2017-02-19,,,,,,,,,,,,,,,,,,,,,,,,,,,,,,,,,,,,,,,,,
2017-02-20,,,,,,,,0.20718995340715363,0.20998329059652632,0.20998811408860407,0.21922912953001855,,,,,0.21554886094718678,,,,0.2156908874145428,0.21500118146770825,,,,0.2138213344064903,,,,0.2089999302571403,,,,,,,,,,,,
2017-02-21,,,,,,,,0.1950177914507878,0.19749495324849986,,0.2205674122958752,,,,,0.2173815055879502,,,,0.2144081753758339,,,,,0.21460388478055098,,0.20900001390437312,,0.2089999153346396,,,,,,,,,,,,
2017-02-22,,,,,,,,,0.21350926219982566,0.19500198041690098,0.21863456474619972,0.21999169648050418,,,,0.21449169132831217,0.2100017627710807,0.21250215956421628,,0.2121435641088719,0.20999834178800977,,,,0.21476854231271575,,,,0.21150000188536058,,,,,,,,,,,,
2017-02-23,,,,,,,,,0.19653938149337155,,0.21839037837947145,0.22042765236566406,,,,0.21258110844049743,0.20169695485282857,,0.20999915183541396,0.2110209376054783,,,,,0.21309606042173468,,,,0.211501035860233,,,,,,,,,,,,
2017-02-24,,,,,,,,,0.20247805429819052,,0.21795590205823553,0.21566493352109573,,,,0.2122931115719885,0.21000043881281313,,0.21000145345703744,0.21152923380637986,,,0.21000015786064016,,0.21188965134624682,,,,0.20942810859472719,,,,,,,,,,,,
2017-02-25,,,,,,,,,,,,,,,,,,,,,,,,,,,,,,,,,,,,,,,,,
2017-02-26,,,,,,,,,,,,,,,,,,,,,,,,,,,,,,,,,,,,,,,,,
2017-02-27,,,,,,,,,,,,,,,,,,,,,,,,,,,,,,,,,,,,,,,,,
2017-02-28,,,,,,,,,,,,,,,,,,,,,,,,,,,,,,,,,,,,,,,,,
2017-03-01,,,,,,,,,,0.20000206503334655,0.21815835338645256,0.19500542764597895,,,0.20030476052783638,0.2111481267067321,,,,0.20960256270097044,,,,,0.20949839647455884,,,,,,,,,,,,,,,,
2017-03-02,,,,,,,,,,,0.2155957839241819,0.21650126078140164,,,,0.21064882034122703,,,,0.20830414714963674,,,,,0.2083645014506593,,,,0.20942295163471944,,,,,,,,,,,,
2017-03-03,,,,,,,,,,0.1983117942454435,0.2168914115699544,0.2150017445720814,,0.20249937258331088,0.2000026569870592,0.21230499420830765,,,,0.21003259254833181,,,,0.2047047577873647,0.21250006116656478,,,,0.20900705464036606,,,,,,,,,,,,
2017-03-04,,,,,,,,,,,,,,,,,,,,,,,,,,,,,,,,,,,,,,,,,
2017-03-05,,,,,,,,,,,,,,,,,,,,,,,,,,,,,,,,,,,,,,,,,
2017-03-06,,,,,,,,,,,0.21965606499993634,,,,,0.21404698023706378,,,,0.21149139373149495,,,,0.21000158976366837,0.2084991643374031,,,,,,,,,,,,,,,,
2017-03-07,,,,,,,,,,,0.2200977296904724,,,,,0.21555207268917698,,,,0.21177686141675717,,,,,0.21063586479264035,,,,,,,,,,,,,,,,
2017-03-08,,,,,,,,,,,0.2212719584958375,0.2050087640917281,,0.2025050410413822,,0.21393461361166516,0.2024963097350985,,0.2045009868027842,0.21005448223640694,,,0.20799595902151913,0.2039742330595983,,,,,0.2069993433501999,,,,,,,,,,,,
2017-03-09,,,,,,,,,,,0.22034578060616072,,,,,0.2119413348268588,,,,0.21019222764164064,,,,,0.205243290617884,,,,,,,,,,,,,,,,
2017-03-10,,,,,,,,,,,0.21972433857037266,,,,,0.21296900473787658,,,,0.2097355777377914,,,,,0.20900024194313474,0.2099990573465284,,,0.207408435008131,,,,,,,,,,,,
2017-03-11,,,,,,,,,,,,,,,,,,,,,,,,,,,,,,,,,,,,,,,,,
2017-03-12,,,,,,,,,,,,,,,,,,,,,,,,,,,,,,,,,,,,,,,,,
2017-03-13,,,,,,,,,,,0.21668737389041848,,,0.20999911011726147,0.21000740565922638,0.21493077688330114,,0.20750581285751296,0.20749923773754822,0.21102745985856028,0.20500190631496604,0.20750173326320856,,,0.20854852481199312,,,,,,,,,,,,,,,,
2017-03-14,,,,,,,,,,,0.21368652798755108,0.20552976054293598,,0.19999647620995586,,0.22070969386580205,,,,0.21752620545107423,,,,,,,,,,,,,,,,,,,,,
2017-03-15,,,,,,,,,,,,0.20081124942012626,0.2050087640917281,0.20191496713585194,0.20500607331891135,0.21919611388340468,,,0.20499315116533373,0.21642000502931985,,0.20499567263054097,,0.21383758981588896,0.2180004299654373,0.20725106724578193,0.20800002190323746,,,,,,,,,,,,,,
2017-03-16,,,,,,,,,,,,0.2004508159300592,0.19885563445911159,0.19999816460429298,,0.21808931239282603,0.20249370387665713,0.2050064116520228,,0.215342701132107,0.2050021326067714,,,0.21276343138529147,,0.2060001864973144,,,0.2074998527607753,,,,,,,,,,,,
2017-03-17,,,,,,,,,,,,0.20178437872918883,0.20501213960801182,0.19812290902745397,0.20348898913834618,0.21809293158937634,,,,0.21568134726981966,,0.20161603235286202,,0.2128260928795533,0.21000117225645018,,0.20799998006385242,,0.206999259341575,,,,,,,,,,,,
2017-03-18,,,,,,,,,,,,,,,,,,,,,,,,,,,,,,,,,,,,,,,,,
2017-03-19,,,,,,,,,,,,,,,,,,,,,,,,,,,,,,,,,,,,,,,,,
2017-03-20,,,,,,,,,,,,0.19878724244699886,0.19821574763819394,0.19749478524172775,0.20001582549951688,0.22004220331573734,,,0.20049536588232583,0.21724094780828535,0.20049669219758917,0.20116986093040848,,0.21477121008040492,,,,,,,,,,,,,,,,,
2017-03-21,,,,,,,,,,,,,0.1908992748726365,0.19549475990309303,,0.2222067643969673,0.19999537724407532,,,0.2183455136292533,,,,0.21538270360918882,0.20779102377214584,,,,,0.20700050168476827,,,,,,,,,,,
2017-03-22,,,,,,,,,,,,,0.1954437768263203,0.1916731060314184,,0.22311520729462106,,,,0.21956260559502513,,,,0.21638618936947754,,,,,,,,,,,,,,,,,
2017-03-23,,,,,,,,,,,,,,0.19248640919095147,,0.22375178246328742,0.2024912199550276,,0.20249705015052108,0.22021209421286728,,,,0.2172264872137541,,0.21249995931250043,,,,,,,,,,,,,,,
2017-03-24,,,,,,,,,,,,,,,,,,,,,,,,,,,,,,,,,,,,,,,,,
2017-03-25,,,,,,,,,,,,,,,,,,,,,,,,,,,,,,,,,,,,,,,,,
2017-03-26,,,,,,,,,,,,,,,,,,,,,,,,,,,,,,,,,,,,,,,,,
2017-03-27,,,,,,,,,,,,,,,,0.22603665340023787,0.20099930741070612,0.20249487378316705,0.2010160434752555,0.2214855462991301,,,,0.21870486152659432,0.21499922069934846,0.21178696182398835,,0.20749800711230518,,,,,,,,,,,,,
2017-03-28,,,,,,,,,,,,,0.20232208643591876,,,0.2285986390196265,0.20000187764600239,0.20249463069701068,,0.22409997566417458,,0.19999780048027152,,0.22085095327661575,,0.21250111413006365,,,,,,,,,,,,,,,
2017-03-29,,,,,,,,,,,,,,0.23002168380670707,0.22760949578920533,0.2314345132399211,0.23000097112304424,,,0.2269567114604788,,0.20250207466889236,,0.22342128682059734,0.21499783112781215,,0.21499939251703887,,0.2074994061051654,0.20750058175540956,,,,,,,,,,,
2017-03-30,,,,,,,,,,,,,,,0.20498728631273205,0.23395043647696617,0.23099177289575895,,,0.22852932298371514,,,,0.22531723393443914,0.2196976897973718,,,,,0.20323019670257333,,,,,,,,,,,
2017-03-31,,,,,,,,,,,,,,,0.20501213960801182,0.23714057153734838,0.23176271205259952,,,0.2303212945020633,,,,0.22650402758468693,,,0.21499995923591805,,,0.20689505820720522,,,,,,,,,,,
2017-04-01,,,,,,,,,,,,,,,,,,,,,,,,,,,,,,,,,,,,,,,,,
2017-04-02,,,,,,,,,,,,,,,,,,,,,,,,,,,,,,,,,,,,,,,,,
2017-04-03,,,,,,,,,,,,,,,0.21029225657277692,0.23927302415384039,,,,0.23277854871706818,,,,0.22818922598302607,0.22070165729154081,,,,0.20585441469198026,,,,,,,,,,,,
2017-04-04,,,,,,,,,,,,,,,0.2200102039688473,0.24091760091404232,,,,0.23447107098985145,0.22273339115464263,,,0.23005593723863718,0.224081143593139,,,,0.22000002271232913,,,,,,,,,,,,
2017-04-05,,,,,,,,,,,,,,,,0.24243090303116704,,,0.20500471446153232,0.2359693378386273,,,,0.2315126704490683,0.22213488297583633,,,,,,,,,,,,,,,,
2017-04-06,,,,,,,,,,,,,,,0.22757277585081595,0.24212245871102078,0.23000210621393907,,0.2049992164951579,0.23599334488079485,,,,0.23146177276337127,0.2224973658441458,,0.21623279714767013,0.21500043351028514,,,,,,,,,,,,,
2017-04-07,,,,,,,,,,,,,,,,0.24258025393033314,,,,0.2359611869825985,,,,0.2314990911629099,0.21591378050830903,,,,,,,,,,,,,,,,
2017-04-08,,,,,,,,,,,,,,,,,,,,,,,,,,,,,,,,,,,,,,,,,
2017-04-09,,,,,,,,,,,,,,,,,,,,,,,,,,,,,,,,,,,,,,,,,
2017-04-10,,,,,,,,,,,,,,,0.24475004373359036,0.24226972586868112,0.23899793054388044,,,0.2358974453120423,0.23499687575138106,,,0.23155918257601538,,,,,,,,,,,,,,,,,
2017-04-11,,,,,,,,,,,,,,,,0.24259093640720195,0.23249096112273282,,,0.23601580183598625,,,,0.23179458649083517,0.2225018225431762,,,,,,,,,,,,,,,,
2017-04-12,,,,,,,,,,,,,,,,0.24332964674275068,,,,0.2365572466735505,,,,0.23143962377432195,,,0.21999967252305505,,,0.21600094498566624,,,,,,,,,,,
2017-04-13,,,,,,,,,,,,,,,,,,,,,,,,,,,,,,,,,,,,,,,,,
2017-04-14,,,,,,,,,,,,,,,,,,,,,,,,,,,,,,,,,,,,,,,,,
2017-04-15,,,,,,,,,,,,,,,,,,,,,,,,,,,,,,,,,,,,,,,,,
2017-04-16,,,,,,,,,,,,,,,,,,,,,,,,,,,,,,,,,,,,,,,,,
2017-04-17,,,,,,,,,,,,,,,,0.24350206162705887,0.23901539117690385,,,0.23606086505674034,0.23000153704988896,0.23699738481517182,,0.23114226481279748,0.22249889359855143,,0.21250008947886642,,,,,,,,,,,,,,
2017-04-18,,,,,,,,,,,,,,,,0.24946538485784545,0.2344205170453913,,,0.23792548690362703,,,,0.2343096979784888,0.22500153108483542,,,,,,,,,,,,,,,,
2017-04-19,,,,,,,,,,,,,,,,,0.22361794022352136,0.23000604572702493,,0.24000387597139883,,,,0.2285217557453476,0.22034145649781509,,,,,0.2124992021949066,,,,,,,,,,,
2017-04-20,,,,,,,,,,,,,,,,,0.22956474406401306,,0.21829169890564212,0.23757446633396398,0.21748942276190178,,,0.2265962047370502,0.22190277518859708,,,,,,,,,,,,,,,,
2017-04-21,,,,,,,,,,,,,,,,,,,,0.23855524450729607,0.2099995592112472,,,0.22653020152134892,0.22124169370899538,0.21616229719074836,,,,,,,,,,,,,,,
2017-04-22,,,,,,,,,,,,,,,,,,,,,,,,,,,,,,,,,,,,,,,,,
2017-04-23,,,,,,,,,,,,,,,,,,,,,,,,,,,,,,,,,,,,,,,,,
2017-04-24,,,,,,,,,,,,,,,,,,,,0.23949353760105768,,,,0.22837648848294928,0.22105013283535732,,,,,0.21850031031618328,,,,,,,,,,,
2017-04-25,,,,,,,,,,,,,,,,,,,,0.24175356258209127,,,,0.22948637623775775,0.2244301224884463,,0.21529024318094273,,,,,,,,,,,,,,
2017-04-26,,,,,,,,,,,,,,,,,,,,0.24449062767647325,,,,0.2326812009241598,0.22721266872983495,,0.22150002312063846,0.21999969994133078,,,,,,,,,,,,,
2017-04-27,,,,,,,,,,,,,,,,,,,,0.24632499305830252,0.219506158285983,0.23004267785988403,,0.23397060671488684,0.22910346839247314,,0.2213448860301848,,,0.2250006901966242,,,,,,,,,,,
2017-04-28,,,,,,,,,,,,,,,,,,,0.22750231048638447,0.24699986922570014,0.22300759108150278,,,0.23474942533277293,0.22920226711413927,,0.22150003945400892,,,,,,,,,,,,,,
2017-04-29,,,,,,,,,,,,,,,,,,,,,,,,,,,,,,,,,,,,,,,,,
2017-04-30,,,,,,,,,,,,,,,,,,,,,,,,,,,,,,,,,,,,,,,,,
2017-05-01,,,,,,,,,,,,,,,,,,,,,,,,,,,,,,,,,,,,,,,,,
2017-05-02,,,,,,,,,,,,,,,,,,,,0.2487550014110781,,,,0.2376210150856395,0.23223006819576594,,,,,,,,,,,,,,,,
2017-05-03,,,,,,,,,,,,,,,,,,,0.23002168380670707,0.25002804280776597,,0.22150156239012728,,0.24014877957812067,0.2340708570021042,,0.22339299401865287,,,0.21308611884178577,,,,,,,,,,,
2017-05-04,,,,,,,,,,,,,,,,,,,,0.25109244760553884,,,,0.24233164622011075,0.23628740780804913,,0.22532857415243396,,,0.2139999902442434,,,,,,,,,,,
2017-05-05,,,,,,,,,,,,,,,,,,,,0.2514008702727084,,0.22500620363151774,,0.24496561578489062,0.23892012027615475,,,,,,,,,,,,,,,,
2017-05-06,,,,,,,,,,,,,,,,,,,,,,,,,,,,,,,,,,,,,,,,,
2017-05-07,,,,,,,,,,,,,,,,,,,,,,,,,,,,,,,,,,,,,,,,,
2017-05-08,,,,,,,,,,,,,,,,,,,,0.25336093375639557,0.252492472597525,0.22749982017593864,,0.24711826487118022,0.2406715557000694,,0.22500003714037678,,,,,,,,,,,,,,
2017-05-09,,,,,,,,,,,,,,,,,,,0.22497858680941676,0.25497336397294723,,,,0.24820502002672395,0.2431843325450048,0.2399983315656517,0.22500278004162552,,0.21000037803712698,,,,,,,,,,,,
2017-05-10,,,,,,,,,,,,,,,,,,,,0.25505996098221445,0.22798965661894685,,0.22998747136244013,0.249957448312275,0.24384356289691753,0.23840725236095653,0.22500038194934904,,,0.22011568211387925,,,,,,,,,,,
2017-05-11,,,,,,,,,,,,,,,,,,,,0.2559377775681021,,,,0.250188538861907,0.2438423781618169,0.23700136136460653,,0.22999763736318188,,,,,,,,,,,,,
2017-05-12,,,,,,,,,,,,,,,,,,,,0.2553968831394009,,,,0.2518852677407485,0.24600423376966563,0.24049616727755782,0.23252017980800851,,,,,,,,,,,,,,
2017-05-13,,,,,,,,,,,,,,,,,,,,,,,,,,,,,,,,,,,,,,,,,
2017-05-14,,,,,,,,,,,,,,,,,,,,,,,,,,,,,,,,,,,,,,,,,
2017-05-15,,,,,,,,,,,,,,,,,,,,0.25670738145627814,,,,0.2529230456979424,0.24994038459565934,0.24391645235195208,,,,,,,,,,,,,,,
2017-05-16,,,,,,,,,,,,,,,,,,,,0.25192155533512284,,,,0.2528520483189608,0.249463209620533,0.2450011711605164,0.23250002829269886,,,,,,,,,,,,,,
2017-05-17,,,,,,,,,,,,,,,,,,,,,0.22860562469739235,0.2293583796779535,,0.25491470985922304,0.2523928160105452,0.24676747383179695,0.23250015789762243,0.2279987796625326,,,0.21799999458698888,,,,,,,,,,
2017-05-18,,,,,,,,,,,,,,,,,,,,,0.23004467460307765,0.22999369880277679,,0.2550940531976169,0.2525745350815138,0.24729963123540827,0.2374539225828634,0.23249957170417995,,,,,,,,,,,,,
2017-05-19,,,,,,,,,,,,,,,,,,,,,0.2300154786183284,,,0.2530299212803283,0.2529168430960629,0.24772217067929211,0.23999890762985243,0.2340002526437781,0.2210000087227934,,,0.22113885686449966,,,,,,,,,
2017-05-20,,,,,,,,,,,,,,,,,,,,,,,,,,,,,,,,,,,,,,,,,
2017-05-21,,,,,,,,,,,,,,,,,,,,,,,,,,,,,,,,,,,,,,,,,
2017-05-22,,,,,,,,,,,,,,,,,,,,,,,,0.25377280462020146,0.252848659188433,0.24912911839605598,0.240306550054952,,,,0.22749813575175945,0.22999981014074547,,,,,,,,,
2017-05-23,,,,,,,,,,,,,,,,,,,,,,0.2349865711907842,,0.2542202990012517,0.2534029329246286,0.24993200047567826,0.24556128626560395,,,0.23599916520556344,0.23056139692479902,,,,,,,,,,
2017-05-24,,,,,,,,,,,,,,,,,,,,,,0.23501953264296666,,0.2546092400414311,0.25319679079498736,0.2498594393655294,0.24600050789506672,,,,,,,,,,,,,,
2017-05-25,,,,,,,,,,,,,,,,,,,,,,,,,,,,,,,,,,,,,,,,,
2017-05-26,,,,,,,,,,,,,,,,,,,,,,,,0.25490635066420175,0.25347543580789644,0.2499475609284817,0.24411692533554422,,,,,0.23333060336696476,,,,,,,,,
2017-05-27,,,,,,,,,,,,,,,,,,,,,,,,,,,,,,,,,,,,,,,,,
2017-05-28,,,,,,,,,,,,,,,,,,,,,,,,,,,,,,,,,,,,,,,,,
2017-05-29,,,,,,,,,,,,,,,,,,,,,,,,0.2555593593570895,0.2543436354196467,0.24965747880420963,0.24500002562968798,,0.23455645277005974,0.2374988697201349,0.23600024824437538,0.23246282785312233,,,,,,,,,
2017-05-30,,,,,,,,,,,,,,,,,,,,,,,,0.2589741113787294,0.2538397600660429,0.25021434619107336,0.24684638243853832,0.24399892710029583,0.24107459239597323,0.23749961978265616,0.23627669779589258,0.23378842372200417,,,,,,,,,
2017-05-31,,,,,,,,,,,,,,,,,,,,,,,,0.2582117866252943,0.2538676669294008,0.249869598657874,0.2468201341683267,0.24349897462803802,0.24050722193131094,,,0.23394837086281486,,,,,,,,,
2017-06-01,,,,,,,,,,,,,,,,,,,,,,,0.22690963249990667,0.25797188548812494,0.2537027878277566,0.2499242709086606,0.24699998584916114,0.2439987287531229,0.24125217957369455,0.23749939941365286,0.23598478324867275,0.23393969463104555,,,,,,,,,
2017-06-02,,,,,,,,,,,,,,,,,,,,,,,0.22623244513925614,0.2582701333751511,0.2536149678266287,0.2499937336680631,0.24694764042536768,0.2437494530309908,0.24200003752244512,0.23749842055525094,0.23599848699758058,0.23390994226791037,,,,,,,,,
2017-06-03,,,,,,,,,,,,,,,,,,,,,,,,,,,,,,,,,,,,,,,,,
2017-06-04,,,,,,,,,,,,,,,,,,,,,,,,,,,,,,,,,,,,,,,,,
2017-06-05,,,,,,,,,,,,,,,,,,,,,,,0.23731180998200874,0.25873000173141825,0.25333447178532587,0.2500033544583562,0.2469864295009716,0.24413649981169538,0.2414998895832129,0.23700112853079663,0.2359244095330288,0.23374720598582513,,,,,,,,,
2017-06-06,,,,,,,,,,,,,,,,,,,,,,,0.22497858680941676,0.2583568542743784,0.25350454415764634,0.2499926604113527,0.24699809171226422,0.24299933385823508,0.24499980665497043,0.2385000022501728,0.23673634760231355,0.23441657250164408,,,,,,,,,
2017-06-07,,,,,,,,,,,,,,,,,,,,,,,,0.2553720723890801,0.2535021290223941,0.24995588523139847,0.24659783262701848,,0.24250006602380497,0.2399543329596709,0.23674871428661434,0.23555114785788495,,,,,,,,,
2017-06-08,,,,,,,,,,,,,,,,,,,,,,,,0.2559163723253341,0.253313957338556,0.24982709046979312,0.24680066662409003,0.24499917480636124,0.24499806344052577,0.23999904303914132,0.23799824414734427,0.23646935947912062,,,,,,,,,
2017-06-09,,,,,,,,,,,,,,,,,,,,,,,,0.2550927288461652,0.2534216464783762,0.24994880477115422,0.24699285201437848,0.24494150522131788,0.24297117930001796,0.23999701531830453,0.2379815645163932,0.23649848567891404,,,,,,,,,
2017-06-10,,,,,,,,,,,,,,,,,,,,,,,,,,,,,,,,,,,,,,,,,
2017-06-11,,,,,,,,,,,,,,,,,,,,,,,,,,,,,,,,,,,,,,,,,
2017-06-12,,,,,,,,,,,,,,,,,,,,,,,,0.2554236757147511,0.2535393848870983,0.2498096503425394,0.24649379503646274,0.2440016532517637,0.2429411718674575,0.24004919198261432,0.23799946059855248,0.23649828363301129,,,,,,,,,
2017-06-13,,,,,,,,,,,,,,,,,,,,,,,,0.2565494365675336,0.2542084042776126,0.24954901188064244,0.24703108511458197,0.24499857508044298,0.2424991506616245,0.24041702803429107,0.23800069151319964,0.23617676702336754,,,,,,,,,
2017-06-14,,,,,,,,,,,,,,,,,,,,,,,,0.2580756419839982,0.25344318791305054,0.24994366695232656,0.24699878959908733,0.24600164377603673,0.24359001582055873,0.23977012844096113,,0.2364906008194772,,,,,,,,,
2017-06-15,,,,,,,,,,,,,,,,,,,,,,,,0.2607446372522158,0.25402481050887027,0.25011590411985773,0.24679613244222032,,0.24335302319138216,0.2399647026484205,,0.2362318238289881,,,,,,,,,
2017-06-16,,,,,,,,,,,,,,,,,,,,,,,,0.25574312482306016,0.2537031310085043,0.2501621350292563,0.24696015098511778,0.24499836693991772,,0.23931338604081376,0.23799876000245854,0.23640913409886466,,,,,,,,,
2017-06-17,,,,,,,,,,,,,,,,,,,,,,,,,,,,,,,,,,,,,,,,,
2017-06-18,,,,,,,,,,,,,,,,,,,,,,,,,,,,,,,,,,,,,,,,,
2017-06-19,,,,,,,,,,,,,,,,,,,,,,,,0.25957159193630897,0.25397770880905807,0.2502071682056,0.24742336736548368,0.24449885120553647,0.24300244135673077,,,0.23474966400097194,,,,,,,,,
2017-06-20,,,,,,,,,,,,,,,,,,,,,,,,,,,,,,,,,,,,,,,,,
2017-06-21,,,,,,,,,,,,,,,,,,,,,,,,,0.25384926928954965,0.24935842698987834,0.24551764499586923,,0.24317116193957297,,0.240000360934704,,0.2349991821531805,,,,,,,,
2017-06-22,,,,,,,,,,,,,,,,,,,,,,,,,0.2512122135293351,0.2485344237749315,0.24374725301053105,0.2424162913493172,0.24205396360006734,0.24033364350466285,,,0.23544654979484125,,,,,,,,
2017-06-23,,,,,,,,,,,,,,,,,,,,,,,,,0.2507944470075245,0.24812917175631066,0.24418422536944864,0.24218455787028428,0.2418048233005463,0.24096379066950324,,0.23600048014211963,0.23599866609805425,,,,,,,,
2017-06-24,,,,,,,,,,,,,,,,,,,,,,,,,,,,,,,,,,,,,,,,,
2017-06-25,,,,,,,,,,,,,,,,,,,,,,,,,,,,,,,,,,,,,,,,,
2017-06-26,,,,,,,,,,,,,,,,,,,,,,,,,0.25259360084148474,0.24985556919579488,0.2459814324739842,0.24359795224152886,0.2423978023030586,0.24019612564888462,,0.2372856543717716,0.23647392351881585,,,,,,,,
2017-06-27,,,,,,,,,,,,,,,,,,,,,,,,,0.2538864427630608,0.25107747927862767,0.24699747269090175,0.24450005564777258,0.24259207556941415,0.24099792197731829,0.2394977341327596,0.23799965265772866,0.23656430008965124,,,,,,,,
2017-06-28,,,,,,,,,,,,,,,,,,,,,,,,,0.2548019070253286,0.2523866324515208,0.24822548964390007,0.24573219877098104,0.24270492061947319,0.24200091035984728,0.23900068408498296,0.23899965119830735,0.23682466876120864,,,,,,,,
2017-06-29,,,,,,,,,,,,,,,,,,,,,,,,,0.2555269062959004,0.2527078845142172,0.24786230809051124,0.24609941583833667,0.2434317177388872,0.2424491152315255,0.2394987542991488,0.23859059002666044,0.23877981205700965,,,,,,,,
2017-06-30,,,,,,,,,,,,,,,,,,,,,,,,,0.2551171120785056,0.25242046094683684,0.24691328183245184,0.2456162883827927,0.2434976201395443,0.24288731342302267,,0.2391983342213122,0.23738927017539727,,,,,,,,
2017-07-01,,,,,,,,,,,,,,,,,,,,,,,,,,,,,,,,,,,,,,,,,
2017-07-02,,,,,,,,,,,,,,,,,,,,,,,,,,,,,,,,,,,,,,,,,
2017-07-03,,,,,,,,,,,,,,,,,,,,,,,,,0.25622642053829603,0.2533301549560781,0.24782566622171864,0.24688647239143,0.24504744207950196,,,0.2389988072521079,0.2357114255766862,,,,,,,,
2017-07-04,,,,,,,,,,,,,,,,,,,,,,,,,0.2562681546838321,0.25395984715633085,0.24882573877976746,0.24755252318765675,0.2454994327182495,,,,,,,,,,,,
2017-07-05,,,,,,,,,,,,,,,,,,,,,,,,,0.2594409538279995,0.25737906125297155,0.2529822562249572,0.24915282248721313,0.24692816011255764,,,0.24250070620263944,0.2399995302529119,,,,,,,,
2017-07-06,,,,,,,,,,,,,,,,,,,,,,,,,0.26017851512244256,0.25912880788547016,0.25440446391958904,0.2500763063935453,0.24702497973374618,,,0.24199813546841648,0.24055172102140643,,,,,,,,
2017-07-07,,,,,,,,,,,,,,,,,,,,,,,,,0.2611532248378033,0.26109922305213573,0.25559350916452694,0.251184602385353,0.2464996329821315,,,0.24397284591008134,,,,,,,,,
2017-07-08,,,,,,,,,,,,,,,,,,,,,,,,,,,,,,,,,,,,,,,,,
2017-07-09,,,,,,,,,,,,,,,,,,,,,,,,,,,,,,,,,,,,,,,,,
2017-07-10,,,,,,,,,,,,,,,,,,,,,,,,,0.2621057137213142,0.2616625832198438,0.2578915404251507,0.2525079943410857,0.2520100946887249,,,,0.2429932254211578,,,,,,,,
2017-07-11,,,,,,,,,,,,,,,,,,,,,,,,,0.26269512378292126,0.2625655793751036,0.2603174536617814,0.2559347437220602,0.24600086073496638,,,,0.24809487449149784,,,,,,,,
2017-07-12,,,,,,,,,,,,,,,,,,,,,,,,,0.2630504048174028,0.263289754600915,0.2603337586012738,0.25399863702436254,0.25379792617862373,0.25450069298930095,,0.251292633925351,0.24979497003767054,,,,,,,,
2017-07-13,,,,,,,,,,,,,,,,,,,,,,,,,0.26567068929118215,0.26412453022982096,0.2607423093324641,0.2580986384656135,0.259227260070741,0.257264311311889,0.2544997682359089,0.25347879512062066,0.25278127187677035,,,,,,,,
2017-07-14,,,,,,,,,,,,,,,,,,,,,,,,,0.2742037944715292,0.2651401354916644,0.2617663145065031,0.2599517205699657,0.25896684681896437,0.25749750092220924,0.2559970314737287,0.25449995035956025,0.2539733485127195,,,,,,,,
2017-07-15,,,,,,,,,,,,,,,,,,,,,,,,,,,,,,,,,,,,,,,,,
2017-07-16,,,,,,,,,,,,,,,,,,,,,,,,,,,,,,,,,,,,,,,,,
2017-07-17,,,,,,,,,,,,,,,,,,,,,,,,,0.28555856672644486,0.26500101154606465,0.26197200434695767,0.26007369655792195,,0.2565011961077556,,0.25149827863877794,0.2539981765774336,,,,,,,,
2017-07-18,,,,,,,,,,,,,,,,,,,,,,,,,0.28955772661874435,0.26560636845783026,0.26203248700859977,0.25888382159710605,,,,0.2545063574218965,0.25500012547509743,,,,,,,,
2017-07-19,,,,,,,,,,,,,,,,,,,,,,,,,,0.2615784927287074,0.2619903500969301,0.2584104396407161,0.25891341356931435,0.2560670991299513,0.2554908729582297,0.25322023866125615,0.25250730142594885,0.25289261816744313,,,,,,,
2017-07-20,,,,,,,,,,,,,,,,,,,,,,,,,,0.2622704635919324,0.26189766364677375,0.2599280508385247,0.2585007154254098,0.25699582577841684,,0.2550002634291983,0.2539999682428814,0.253592380525791,,,,,,,
2017-07-21,,,,,,,,,,,,,,,,,,,,,,,,,,0.2618705411074832,0.2619807138397128,0.25985608251152686,0.25865427218680576,0.25739223580988824,,0.2544989908734289,0.2539996320651129,0.2529973503118267,,,,,,,
2017-07-22,,,,,,,,,,,,,,,,,,,,,,,,,,,,,,,,,,,,,,,,,
2017-07-23,,,,,,,,,,,,,,,,,,,,,,,,,,,,,,,,,,,,,,,,,
2017-07-24,,,,,,,,,,,,,,,,,,,,,,,,,,0.26210413734183385,0.2619739296103164,0.2600377586342028,0.258550672041374,0.2565998612598392,,,0.254057356352193,0.2537817343780773,,,,,,,
2017-07-25,,,,,,,,,,,,,,,,,,,,,,,,,,0.26304556926547584,0.26279662481757915,0.26048279131510504,0.25901657605891915,0.2571137787532604,0.25743584320038915,0.2550007328478433,,0.25383494141205665,,,,,,,
2017-07-26,,,,,,,,,,,,,,,,,,,,,,,,,,0.2629187339084109,0.2627885340474997,0.26098329917740654,0.2587694278798238,0.25699741994225983,,0.25449799261244677,,0.25326551475540504,,,,,,,
2017-07-27,,,,,,,,,,,,,,,,,,,,,,,,,,0.26286622392885023,0.2634594643648982,0.26144256444282443,0.2599795246593417,0.25649761618086186,0.25551619896462874,,,0.2537069629535583,,,,,,,
2017-07-28,,,,,,,,,,,,,,,,,,,,,,,,,,0.26378223573357434,0.26351222388722284,0.2617615609416046,0.2602314061989564,,0.2554975868962752,0.25500043566032654,0.25399938568135183,0.25359765018487895,,,,,,,
2017-07-29,,,,,,,,,,,,,,,,,,,,,,,,,,,,,,,,,,,,,,,,,
2017-07-30,,,,,,,,,,,,,,,,,,,,,,,,,,,,,,,,,,,,,,,,,
2017-07-31,,,,,,,,,,,,,,,,,,,,,,,,,,0.26802840624967317,0.26462555938169374,0.2629227921004008,0.2618951369546495,,0.25849881867348073,,,0.2542489266048725,,,,,,,
2017-08-01,,,,,,,,,,,,,,,,,,,,,,,,,,0.2659626685127585,0.2646730060768046,0.2644681389593856,0.2630121497272932,0.2629928794155936,0.2594998432582601,,0.254499431937454,0.2559996833105094,,,,,,,
2017-08-02,,,,,,,,,,,,,,,,,,,,,,,,,,0.26619621737416216,0.26469585279717556,0.26490626915912807,0.26455341303817276,0.2640156586220528,0.2624987595243026,,0.2553345776501175,0.25786732851559363,,,,,,,
2017-08-03,,,,,,,,,,,,,,,,,,,,,,,,,,0.2654544242522369,0.2650942313420994,0.26504613227811796,0.2650169757689046,0.2641151852121335,0.26259939864943566,0.2610216137373497,,0.25787032612325295,,,,,,,
2017-08-04,,,,,,,,,,,,,,,,,,,,,,,,,,0.2648752857523314,0.2650570479682214,0.26526687344422023,0.26501686024173754,0.2640012900979801,0.26256825856798754,,0.25983000606274403,0.25802030630009465,,,,,,,
2017-08-05,,,,,,,,,,,,,,,,,,,,,,,,,,,,,,,,,,,,,,,,,
2017-08-06,,,,,,,,,,,,,,,,,,,,,,,,,,,,,,,,,,,,,,,,,
2017-08-07,,,,,,,,,,,,,,,,,,,,,,,,,,0.265355926882475,0.26506837410206807,0.2650253127575941,0.2649931635102257,0.26401528505696226,0.2625145273563995,0.26099801430375175,0.26049996191874497,0.25808511113427846,,,,,,,
2017-08-08,,,,,,,,,,,,,,,,,,,,,,,,,,0.26574458263657574,0.2650869526317203,0.2653523899473343,0.2649705861452262,0.2641717345161209,0.26248610723037513,0.26076348611283334,0.2604548780242971,0.25809957910359743,,,,,,,
2017-08-09,,,,,,,,,,,,,,,,,,,,,,,,,,0.26879262170103785,0.2654892052360304,0.2655416382436908,0.2650008809429356,0.2641852514288837,0.2625984033926589,0.2612726757025717,0.26349853114383326,0.25803374639764864,,,,,,,
2017-08-10,,,,,,,,,,,,,,,,,,,,,,,,,,0.27300233159677517,0.26628788577556023,0.26535033012440473,0.26630093012476,0.2642180377478063,0.26350137012202546,0.2620001563224082,0.26199907736562444,0.2579999919241241,,,,,,,
2017-08-11,,,,,,,,,,,,,,,,,,,,,,,,,,0.2778917488792749,0.2652836836087525,0.2659799236994278,0.2649182613662939,0.26432727721597044,,0.2617617650036506,0.25964216543518487,0.25807184703455627,,,,,,,
2017-08-12,,,,,,,,,,,,,,,,,,,,,,,,,,,,,,,,,,,,,,,,,
2017-08-13,,,,,,,,,,,,,,,,,,,,,,,,,,,,,,,,,,,,,,,,,
2017-08-14,,,,,,,,,,,,,,,,,,,,,,,,,,0.2769271500943754,0.26512274481979947,0.2649814065001314,0.2650693657243338,0.26407947726117387,0.2624985762527111,,0.26099812084682444,0.2580373096837749,,,,,,,
2017-08-15,,,,,,,,,,,,,,,,,,,,,,,,,,0.28222800782574553,0.26515581877229893,0.2649110335483129,0.26481823875178323,0.26300122934968345,,0.25999877622101825,0.2589999986970006,,,,,,,,
2017-08-16,,,,,,,,,,,,,,,,,,,,,,,,,,,0.2630341315784164,0.2631302505750534,0.2649961409386295,0.26490273573493617,0.2624280061270849,0.26062803245046,0.2594986371807031,0.2589984172412293,0.25824852808947024,,,,,,
2017-08-17,,,,,,,,,,,,,,,,,,,,,,,,,,,0.26342312757408143,0.2624853825063944,0.2650256155953106,0.2649065793821929,0.26246468663946204,0.2610863417185016,0.2594944914922262,0.2589580865791418,0.2583143956343981,,,,,,
2017-08-18,,,,,,,,,,,,,,,,,,,,,,,,,,,0.26241520740400187,0.26237142424592647,0.2650382492285278,0.26502645289572124,0.2625610812223901,0.26147047225070874,0.2604611252232985,,0.259524986325954,,,,,,
2017-08-19,,,,,,,,,,,,,,,,,,,,,,,,,,,,,,,,,,,,,,,,,
2017-08-20,,,,,,,,,,,,,,,,,,,,,,,,,,,,,,,,,,,,,,,,,
2017-08-21,,,,,,,,,,,,,,,,,,,,,,,,,,,,,,,,,,,,,,,,,
2017-08-22,,,,,,,,,,,,,,,,,,,,,,,,,,,0.26389863374294853,0.26337490636692923,0.2660740038783103,0.26744772083395724,0.2690577390630878,0.2667126884327342,0.2666014166465168,0.2667488837869482,0.264764759358304,,,,,,
2017-08-23,,,,,,,,,,,,,,,,,,,,,,,,,,,0.26958016755298386,0.26888050108112155,0.2687813024999245,0.2703800016160487,0.2713150937685132,0.27278892200435356,0.2723811273089207,0.27163123102498554,0.27181299346912896,,,,,,
2017-08-24,,,,,,,,,,,,,,,,,,,,,,,,,,,0.26994811788348405,0.2686230394524717,0.2692280543866084,0.27094529092595876,0.2724337576857411,0.27361913082493133,0.27302822888701234,0.2733576765344474,0.27345550615296693,,,,,,
2017-08-25,,,,,,,,,,,,,,,,,,,,,,,,,,,0.26879996465157824,0.2678757936436702,0.26881342799662433,0.2709758747620236,0.2724999835003996,0.27350465567720444,0.27350020041504686,0.27350030139244197,0.27344594712852094,,,,,,
2017-08-26,,,,,,,,,,,,,,,,,,,,,,,,,,,,,,,,,,,,,,,,,
2017-08-27,,,,,,,,,,,,,,,,,,,,,,,,,,,,,,,,,,,,,,,,,
2017-08-28,,,,,,,,,,,,,,,,,,,,,,,,,,,0.2726310409539211,0.2683241264820254,0.26918633124305164,0.2709986441793697,0.27231774685420845,0.27349944474785204,0.2734995961365562,0.273429918019002,0.2734698338692841,,,,,,
2017-08-29,,,,,,,,,,,,,,,,,,,,,,,,,,,0.27252438344600466,0.2695107655137482,0.2703134639423152,0.2711338154743218,0.27250078655670534,0.2737286236700136,0.2735009161203713,0.2734920309765484,0.2734482900365936,,,,,,
2017-08-30,,,,,,,,,,,,,,,,,,,,,,,,,,,0.2712163941009321,0.2694846206859975,0.2705804072328542,0.27097728224931433,0.2725001259508506,0.2733928706915647,0.2734882669183083,0.2734007201232231,0.27347814776630003,,,,,,
2017-08-31,,,,,,,,,,,,,,,,,,,,,,,,,,,0.27354910470053834,0.27105684555370174,0.27143801241920146,0.27100756231575557,0.2722562999675851,0.273334159659276,0.27362582621807857,,0.2734911583439986,,,,,,
2017-09-01,,,,,,,,,,,,,,,,,,,,,,,,,,,0.2766427754952403,0.27127042546575425,0.2713261483571422,0.27140297851787676,0.2721939514335037,0.27336660640419025,0.27354453779889676,0.2735188134807622,0.2734764859348755,,,,,,
2017-09-02,,,,,,,,,,,,,,,,,,,,,,,,,,,,,,,,,,,,,,,,,
2017-09-03,,,,,,,,,,,,,,,,,,,,,,,,,,,,,,,,,,,,,,,,,
2017-09-04,,,,,,,,,,,,,,,,,,,,,,,,,,,0.27622800050330026,0.2691132808683708,0.27067512102574937,0.27103359848644265,0.2723229235843742,0.273477466856966,0.27350179876354014,0.27359818619954995,0.273478883110947,,,,,,
2017-09-05,,,,,,,,,,,,,,,,,,,,,,,,,,,0.277014568186468,0.2695010378692701,0.27087629909281385,0.2709254456444979,0.2720283528975126,0.2738603151673906,0.27376917423342434,0.2735017683319876,0.273484365392978,,,,,,
2017-09-06,,,,,,,,,,,,,,,,,,,,,,,,,,,0.2724590230572089,0.26850875222948795,0.26913962083423787,0.2709561339045022,0.27247099531462043,0.2734975029457867,0.27365575690784016,0.27359461387064654,0.27345771294535853,,,,,,
2017-09-07,,,,,,,,,,,,,,,,,,,,,,,,,,,0.2722106499763883,0.26790811524918084,0.26843710951660205,0.27098879264025394,0.27255369533867735,0.2734924688569726,0.2735048148250985,0.27349915140291226,0.27348267743642485,,,,,,
2017-09-08,,,,,,,,,,,,,,,,,,,,,,,,,,,0.274823573289761,0.26996101034553494,0.2698343257341385,0.27098401805126987,0.2724193716486168,0.27359104571558773,0.2734894793263451,0.27349994148364226,0.27347237681491154,,,,,,
2017-09-09,,,,,,,,,,,,,,,,,,,,,,,,,,,,,,,,,,,,,,,,,
2017-09-10,,,,,,,,,,,,,,,,,,,,,,,,,,,,,,,,,,,,,,,,,
2017-09-11,,,,,,,,,,,,,,,,,,,,,,,,,,,0.2749349660616459,0.2694034085625124,0.2688886329991312,0.2710463268078455,0.2723773118565088,0.27349934266687487,0.27368908783002294,0.27347084065677024,0.27346759235455553,,,,,,
2017-09-12,,,,,,,,,,,,,,,,,,,,,,,,,,,0.27942251507035487,0.27041551205378933,0.27066595682143685,0.27118315103788193,0.27250285954059394,0.2736198237532295,0.2734890765072138,0.2732439379793224,0.2733104973593086,,,,,,
2017-09-13,,,,,,,,,,,,,,,,,,,,,,,,,,,0.282780745230072,0.2687195874001506,0.2696079539834946,0.2689158567849267,0.27149689566514484,0.27302658627152976,0.27352399563438745,0.2734689209707995,0.2734727840521664,,,,,,
2017-09-14,,,,,,,,,,,,,,,,,,,,,,,,,,,0.28038300806554856,0.2680251219295742,0.2685345537320029,0.2696246719343277,0.2712858137542208,0.27283988582644414,0.2734952972085337,0.2734492726256946,0.2734583560203986,,,,,,
2017-09-15,,,,,,,,,,,,,,,,,,,,,,,,,,,0.2783301502765865,0.26716491200037507,0.2678918347278013,0.26952844411567406,0.27143949815945206,0.2729506167810573,0.27355729309704474,0.27350084359469606,0.273513775194845,,,,,,
2017-09-16,,,,,,,,,,,,,,,,,,,,,,,,,,,,,,,,,,,,,,,,,
2017-09-17,,,,,,,,,,,,,,,,,,,,,,,,,,,,,,,,,,,,,,,,,
2017-09-18,,,,,,,,,,,,,,,,,,,,,,,,,,,0.2775641811898927,0.26629679554128116,0.26680957105888714,0.26897670767208537,0.27131064750576794,0.2730003933002889,0.27349426751481937,0.2734415062847684,0.2734420406227563,,,,,,
2017-09-19,,,,,,,,,,,,,,,,,,,,,,,,,,,0.2809704696755977,0.26473453384269724,0.2661973072068554,0.26850047202921135,0.2706661138428629,0.2718481706761264,0.27249992774989107,0.27365886081758295,0.2731348871229607,,,,,,
2017-09-20,,,,,,,,,,,,,,,,,,,,,,,,,,,,0.2637172202116202,0.2662149253195743,0.26572434678439777,0.26735881186351446,0.26815554016522625,0.2683478977750669,0.26898569504699116,0.26932582700580143,0.27141246312307105,,,,,
2017-09-21,,,,,,,,,,,,,,,,,,,,,,,,,,,,0.2608402296437892,0.26465976839106675,0.266783866011931,0.2666955404765894,0.2683907220351224,0.2686985018041589,0.269338227530923,0.2692662396012954,0.2686412280558354,,,,,
2017-09-22,,,,,,,,,,,,,,,,,,,,,,,,,,,,0.2626385592056508,0.26612200429389515,0.26737728542287137,0.26856503494686085,0.2705784848487351,0.27002125810351885,0.27023953518907473,0.27091055099161454,0.27084833409368525,,,,,
2017-09-23,,,,,,,,,,,,,,,,,,,,,,,,,,,,,,,,,,,,,,,,,
2017-09-24,,,,,,,,,,,,,,,,,,,,,,,,,,,,,,,,,,,,,,,,,
2017-09-25,,,,,,,,,,,,,,,,,,,,,,,,,,,,0.2644971393991404,0.26893422239198217,0.26977858586214715,0.27068464369624595,0.27245769325116936,0.27300210596871116,0.27346443337194776,0.27326210156649544,0.27314784973569317,,,,,
2017-09-26,,,,,,,,,,,,,,,,,,,,,,,,,,,,0.2648487926669496,0.26901489996872874,0.2700624447486463,0.2713017953281639,0.27303095561599583,0.27329197952690537,0.2735059337655032,0.2734953043644172,0.27341270648029775,,,,,
2017-09-27,,,,,,,,,,,,,,,,,,,,,,,,,,,,0.26729129815955366,0.2694088832283355,0.2700798199027186,0.2710217108870651,0.2729891152364553,0.273501983998273,0.2735282194543382,0.273476145991345,0.2734813413847517,,,,,
2017-09-28,,,,,,,,,,,,,,,,,,,,,,,,,,,,0.2714060160530782,0.269548855938004,0.2701250307199456,0.2714039274007167,0.272990702306371,0.27350142934714206,0.27380316496605434,0.2732512162210195,0.27342896409857004,,,,,
2017-09-29,,,,,,,,,,,,,,,,,,,,,,,,,,,,0.2725734363067636,0.26958796842003147,0.26945837065113276,0.2712806234803817,0.2730000075298292,0.2733205744448345,0.27354273463893053,0.27375276891523415,0.2735637800745409,,,,,
2017-09-30,,,,,,,,,,,,,,,,,,,,,,,,,,,,,,,,,,,,,,,,,
2017-10-01,,,,,,,,,,,,,,,,,,,,,,,,,,,,,,,,,,,,,,,,,
2017-10-02,,,,,,,,,,,,,,,,,,,,,,,,,,,,0.2733405070548185,0.2697755402655921,0.2701231641653539,0.2712525841646588,0.27304228790757495,0.273693938391975,0.2732214181928443,0.27350046115804116,0.2735834400486727,,,,,
2017-10-03,,,,,,,,,,,,,,,,,,,,,,,,,,,,0.2743129992632331,0.26966910940521166,0.2700364570276295,0.2713345608304673,0.2730002387598388,0.27341624050507807,0.27350077085972896,0.27350905681982907,0.27351580946629284,,,,,
2017-10-04,,,,,,,,,,,,,,,,,,,,,,,,,,,,0.2709348961954005,0.2695103008688444,0.27004553387121616,0.27130576125399786,0.2729710308613151,0.27345955282266987,0.27358900276281406,0.27356665408265135,0.27353891610154335,,,,,
2017-10-05,,,,,,,,,,,,,,,,,,,,,,,,,,,,0.26917711860575644,0.2693519287922182,0.2700493965943693,0.27159170272436806,0.2730762792902095,0.27329631580466385,0.27356783491949094,0.27368914347182083,0.2731364364180555,,,,,
2017-10-06,,,,,,,,,,,,,,,,,,,,,,,,,,,,0.26674253589335134,0.26910532605004156,0.2699798824997021,0.2715478251277655,0.2730030762482542,0.2733015961675037,0.273498537574405,0.2735099393173297,0.27334009839522966,,,,,
2017-10-07,,,,,,,,,,,,,,,,,,,,,,,,,,,,,,,,,,,,,,,,,
2017-10-08,,,,,,,,,,,,,,,,,,,,,,,,,,,,,,,,,,,,,,,,,
2017-10-09,,,,,,,,,,,,,,,,,,,,,,,,,,,,0.2660671726176907,0.26765351269885973,0.2695751056116583,0.27081791140479017,0.27279176133716265,0.27329242433384526,0.2735424403535724,0.27366414064312433,0.2734419482886865,,,,,
2017-10-10,,,,,,,,,,,,,,,,,,,,,,,,,,,,0.2687575155114416,0.2673474502887186,0.2688639445694455,0.2703015148174265,0.2718857805233354,0.2732735541135869,0.2734503445687124,0.2735446473083486,0.27357763538281205,,,,,
2017-10-11,,,,,,,,,,,,,,,,,,,,,,,,,,,,0.26597113489160035,0.26575278021262116,0.26850036829901985,0.26999793096260716,0.27178798087759715,0.2730720664016422,0.27341516571311936,0.2733197955419026,0.2735250330322801,,,,,
2017-10-12,,,,,,,,,,,,,,,,,,,,,,,,,,,,0.26621194075008975,0.26571079190190805,0.2683917887600037,0.2699951843579619,0.2721013154723456,0.273002290661852,0.2735788432082035,0.2741864830265145,0.27354700581596947,,,,,
2017-10-13,,,,,,,,,,,,,,,,,,,,,,,,,,,,0.26010119809167853,0.2650479381670478,0.26850261992109575,0.2701255803002581,0.271862592936149,0.27306626985825116,0.2735229382381536,0.27421351663664334,0.27340640687654927,,,,,
2017-10-14,,,,,,,,,,,,,,,,,,,,,,,,,,,,,,,,,,,,,,,,,
2017-10-15,,,,,,,,,,,,,,,,,,,,,,,,,,,,,,,,,,,,,,,,,
2017-10-16,,,,,,,,,,,,,,,,,,,,,,,,,,,,,,,,,,,,,,,,,
2017-10-17,,,,,,,,,,,,,,,,,,,,,,,,,,,,,0.26349784437612855,0.2688153073721622,0.2685821511011499,0.2714608248264928,0.2723929846825778,0.27348429277550956,0.2728262750937827,0.27330706375173863,,,,,
2017-10-18,,,,,,,,,,,,,,,,,,,,,,,,,,,,,0.2620495913122082,0.2665631145131621,0.26859143297659654,0.27033185182620034,0.2713856603054977,0.27222962481455176,0.2720978928234769,0.2725340092037103,0.2722563072932516,,,,
2017-10-19,,,,,,,,,,,,,,,,,,,,,,,,,,,,,0.26268883013140937,0.2665601733115808,0.26759972355826356,0.26983980963123444,0.2716012989772696,0.2716715408333055,0.2730074929477181,0.27298764112760354,0.272770212461762,,,,
2017-10-20,,,,,,,,,,,,,,,,,,,,,,,,,,,,,0.2634763057805229,0.26696157752460514,0.2690057597342271,0.2707996622669532,0.2719300520924649,0.2727992490442604,0.2725417092446699,0.27322503870823467,0.2724739191450219,,,,
2017-10-21,,,,,,,,,,,,,,,,,,,,,,,,,,,,,,,,,,,,,,,,,
2017-10-22,,,,,,,,,,,,,,,,,,,,,,,,,,,,,,,,,,,,,,,,,
2017-10-23,,,,,,,,,,,,,,,,,,,,,,,,,,,,,0.2651665722921891,0.2683605987930968,0.2699838333057057,0.2715678233309789,0.2730533625804705,0.2733767830830648,0.27243680992014724,0.27214648757087423,0.27346126908460294,,,,
2017-10-24,,,,,,,,,,,,,,,,,,,,,,,,,,,,,0.265173657040121,0.26838409626753706,0.2699693515993608,0.2715982302633992,0.27294817155798606,0.273437482957951,0.27349986978986546,0.27339066537710616,0.27347779770581365,,,,
2017-10-25,,,,,,,,,,,,,,,,,,,,,,,,,,,,,0.27476229256363033,0.27736974560588823,0.2790664189916532,0.28034578808665606,0.2778196283595052,0.27578893265309706,0.2786177463689,0.27739033897968346,0.2764327520537484,,,,
2017-10-26,,,,,,,,,,,,,,,,,,,,,,,,,,,,,0.27501420995473436,0.2780709713272423,0.2795665793016293,0.2813781748386228,0.2797597155687592,0.2781995329124544,0.28121645637605286,0.2777645869755587,0.27683202499205783,,,,
2017-10-27,,,,,,,,,,,,,,,,,,,,,,,,,,,,,0.27510120706810604,0.27830439577393506,0.2793154792899329,0.2816271702905102,0.28116784403607653,0.2805953530768648,0.2835308489071262,0.28196625433967615,0.2820120933418311,,,,
2017-10-28,,,,,,,,,,,,,,,,,,,,,,,,,,,,,,,,,,,,,,,,,
2017-10-29,,,,,,,,,,,,,,,,,,,,,,,,,,,,,,,,,,,,,,,,,
2017-10-30,,,,,,,,,,,,,,,,,,,,,,,,,,,,,0.2772342833884723,0.2783891396664573,0.2800189442640168,0.28190677969802935,0.2836632160684963,0.28319904277668956,0.283656546495731,0.28365839112695,0.2832596089631401,,,,
2017-10-31,,,,,,,,,,,,,,,,,,,,,,,,,,,,,0.27949117483069946,0.27873535179695336,0.2796637804777639,0.2825767413800419,0.2839944106123951,0.2843955833744985,0.28463125541188866,0.283943609400311,0.2835907061961908,,,,
2017-11-01,,,,,,,,,,,,,,,,,,,,,,,,,,,,,0.28237361132357436,0.2816733757689117,0.2824433718206758,0.285029335551414,0.28536360972102215,0.2851080688712163,0.2847215433723474,0.28630837691670624,0.2856314804330843,,,,
2017-11-02,,,,,,,,,,,,,,,,,,,,,,,,,,,,,0.28049828411535166,0.28159592971692726,0.28265055859124144,0.284868378828521,0.2869180727873937,0.286390862590034,0.2863652276828512,0.2867621094215088,0.28574977780120525,,,,
2017-11-03,,,,,,,,,,,,,,,,,,,,,,,,,,,,,0.2749675788711442,0.28091961656440334,0.28253951795318344,0.28434984130068314,0.28567258460509337,0.28570019823652504,0.2862746405810695,0.28318266596249086,0.2858785109111905,,,,
2017-11-04,,,,,,,,,,,,,,,,,,,,,,,,,,,,,,,,,,,,,,,,,
2017-11-05,,,,,,,,,,,,,,,,,,,,,,,,,,,,,,,,,,,,,,,,,
2017-11-06,,,,,,,,,,,,,,,,,,,,,,,,,,,,,,,,,,,,,,,,,
2017-11-07,,,,,,,,,,,,,,,,,,,,,,,,,,,,,0.2716411062530072,0.27931628168988987,0.2818861495506356,0.28337116894621706,0.28478619789930926,0.285635771900069,0.2859985158941546,0.2873727365584127,0.2859991455740068,,,,
2017-11-08,,,,,,,,,,,,,,,,,,,,,,,,,,,,,0.28130965174483485,0.28505172675182433,0.28753912042401686,0.29341762445566394,0.2937905184011035,0.2930775805727917,0.2950502379104772,0.29407863376758214,0.29458422351433367,,,,
2017-11-09,,,,,,,,,,,,,,,,,,,,,,,,,,,,,0.278870876984767,0.28732571394647843,0.2906837962460047,0.29352306926561866,0.29459042403379176,0.29725868032553093,0.2967528697760747,0.2956805959425753,0.2957798301455891,,,,
2017-11-10,,,,,,,,,,,,,,,,,,,,,,,,,,,,,0.28023019548825756,0.2874579724725886,0.2909951671952142,0.29340444950083167,0.29480527875793516,0.29561558954392525,0.29798285890173115,0.2965674566540303,0.2960076238153461,,,,
2017-11-11,,,,,,,,,,,,,,,,,,,,,,,,,,,,,,,,,,,,,,,,,
2017-11-12,,,,,,,,,,,,,,,,,,,,,,,,,,,,,,,,,,,,,,,,,
2017-11-13,,,,,,,,,,,,,,,,,,,,,,,,,,,,,0.2859393563727497,0.2874523021748752,0.29091378258421047,0.2937201103156839,0.2956470039471917,0.2963277964746835,0.2967741614750855,0.29683192506978584,0.29599869705125265,,,,
2017-11-14,,,,,,,,,,,,,,,,,,,,,,,,,,,,,0.28652709899113726,0.287614898443487,0.29086048322797664,0.29305134213825246,0.29450095332420717,0.2976412182375652,0.29643115640338435,0.29599952066981294,0.29586574580785624,,,,
2017-11-15,,,,,,,,,,,,,,,,,,,,,,,,,,,,,,0.28640631915724607,0.2895339213967661,0.2923212984853503,0.293292342931904,0.2948412970016663,0.2943806638595751,0.29612111025350474,0.3025001449795649,0.29523430370494463,,,
2017-11-16,,,,,,,,,,,,,,,,,,,,,,,,,,,,,,0.28426710278334244,0.2880842357152129,0.29048202787962346,0.29233720546113146,0.29486033570994,0.29526545947137883,0.29602062041163824,0.2949363284193276,0.295644247884069,,,
2017-11-17,,,,,,,,,,,,,,,,,,,,,,,,,,,,,,0.28532567596213887,0.2893766024105621,0.29083050612338324,0.2924387460084232,0.2937756079277792,0.295642684064765,0.29652607256398833,0.2950485481082895,0.2949514810812323,,,
2017-11-18,,,,,,,,,,,,,,,,,,,,,,,,,,,,,,,,,,,,,,,,,
2017-11-19,,,,,,,,,,,,,,,,,,,,,,,,,,,,,,,,,,,,,,,,,
2017-11-20,,,,,,,,,,,,,,,,,,,,,,,,,,,,,,,,,,,,,,,,,
2017-11-21,,,,,,,,,,,,,,,,,,,,,,,,,,,,,,0.28792441081274567,0.29094938571476797,0.2923291978796541,0.2943187476519921,0.29550369958426104,0.29683858901779,0.29668691651797,0.29599994166729926,,,,
2017-11-22,,,,,,,,,,,,,,,,,,,,,,,,,,,,,,0.288980790174802,0.29143839370865937,0.2925256418146977,0.29426912619988393,0.2954244843454089,0.29655152322638767,0.29665520231384124,0.2958207104189313,0.2959027260280424,,,
2017-11-23,,,,,,,,,,,,,,,,,,,,,,,,,,,,,,0.2906167030211076,0.2914155054906917,0.29272298027131965,0.29382588757918937,0.2949028618653804,0.2964322618657524,0.2960788373287844,0.296116934278584,0.2957627029318353,,,
2017-11-24,,,,,,,,,,,,,,,,,,,,,,,,,,,,,,0.28759676655792954,0.29101369366132535,0.2927906743274622,0.2939586591639315,0.29501688819068395,0.29615175401623595,0.2962261486441129,0.2959986747577565,0.295997023064694,,,
2017-11-25,,,,,,,,,,,,,,,,,,,,,,,,,,,,,,,,,,,,,,,,,
2017-11-26,,,,,,,,,,,,,,,,,,,,,,,,,,,,,,,,,,,,,,,,,
2017-11-27,,,,,,,,,,,,,,,,,,,,,,,,,,,,,,0.2878993589335583,0.29126344348006,0.2925123388575802,0.29392901564455787,0.2949986018770275,0.29572043919380187,0.2960540719889419,0.29602380500351644,0.29596122850637235,,,
2017-11-28,,,,,,,,,,,,,,,,,,,,,,,,,,,,,,0.2878342224472648,0.29094348034089745,0.29237084584742107,0.2939720950645229,0.2954416092527626,0.2962927312817263,0.296181417504655,0.29606572187587743,0.2959983210026042,,,
2017-11-29,,,,,,,,,,,,,,,,,,,,,,,,,,,,,,0.2888482305969979,0.2912100850357346,0.29268558908423997,0.29441160985263476,0.2949895725189148,0.2965332389157641,0.2962285051016058,0.296001126157574,0.2957949891875644,,,
2017-11-30,,,,,,,,,,,,,,,,,,,,,,,,,,,,,,0.29097181411624085,0.2913667374168751,0.29266389198164044,0.29418992224324186,0.2950136033106939,0.29695700113873935,0.2960813094987242,0.2959979365068366,0.2959985647997651,,,
2017-12-01,,,,,,,,,,,,,,,,,,,,,,,,,,,,,,0.2939533787905921,0.2908639834087008,0.291946618511099,0.29320471694494515,0.29499425107154537,0.29596638796829905,0.2960526785018585,0.2959996518459049,0.29587547456320945,,,
2017-12-02,,,,,,,,,,,,,,,,,,,,,,,,,,,,,,,,,,,,,,,,,
2017-12-03,,,,,,,,,,,,,,,,,,,,,,,,,,,,,,,,,,,,,,,,,
2017-12-04,,,,,,,,,,,,,,,,,,,,,,,,,,,,,,0.2928400839177834,0.28997440828993165,0.2915064495761073,0.29287172518169,0.2950441970438813,0.2961404097017392,0.29640147225970676,0.2961425626672233,0.29590802224307833,,,
2017-12-05,,,,,,,,,,,,,,,,,,,,,,,,,,,,,,0.29693687264107815,0.29034382662731345,0.2911142582290264,0.29339348356025824,0.29539660047169025,0.2958046450284338,0.29610615793065126,0.29598145539544424,0.295896776017393,,,
2017-12-06,,,,,,,,,,,,,,,,,,,,,,,,,,,,,,0.302568561123981,0.2911857495453568,0.2926217449863636,0.29295710914459616,0.29536695100626353,0.29616163891307884,0.29630229771211036,0.2959680648132171,0.29591219369300753,,,
2017-12-07,,,,,,,,,,,,,,,,,,,,,,,,,,,,,,0.3012599532297979,0.2915335140147927,0.2917250192648332,0.2932966222588067,0.2954997931172457,0.296673377257833,0.2969670663690454,0.2966013008124422,0.2959600930642425,,,
2017-12-08,,,,,,,,,,,,,,,,,,,,,,,,,,,,,,,,,,,,,,,,,
2017-12-09,,,,,,,,,,,,,,,,,,,,,,,,,,,,,,,,,,,,,,,,,
2017-12-10,,,,,,,,,,,,,,,,,,,,,,,,,,,,,,,,,,,,,,,,,
2017-12-11,,,,,,,,,,,,,,,,,,,,,,,,,,,,,,0.3094354328630454,0.2919040140651169,0.2934020276588111,0.293372096320915,0.2960115214482458,0.2971581233919243,0.297497529926154,0.29699845930834223,0.29599688738567975,,,
2017-12-12,,,,,,,,,,,,,,,,,,,,,,,,,,,,,,0.31112722715460295,0.29301807934419066,0.2929512273822534,0.29345527496570417,0.2950005590057944,0.2982203690015796,0.29780092268715713,0.2979983287993793,0.29599459165797976,,,
2017-12-13,,,,,,,,,,,,,,,,,,,,,,,,,,,,,,0.3048106353030157,0.29385771360323365,0.2935436780219035,0.294102397683388,0.29489122012325314,0.29739423301170337,0.29720333142445204,0.2968707572087773,0.29449987663232213,,,
2017-12-14,,,,,,,,,,,,,,,,,,,,,,,,,,,,,,0.30803817805265626,0.29290522495164606,0.2918282663393085,0.29149835847428146,0.290072733322295,0.2924982874308178,0.2921607164085831,0.2873106997005206,0.287486714633799,,,
2017-12-15,,,,,,,,,,,,,,,,,,,,,,,,,,,,,,0.30789315123518746,0.2926473639634861,0.29332735176682695,0.2924378256407451,0.2898594608793073,0.2901986871414751,0.2882534848923404,0.28757062615647727,0.28760774126450744,,,
2017-12-16,,,,,,,,,,,,,,,,,,,,,,,,,,,,,,,,,,,,,,,,,
2017-12-17,,,,,,,,,,,,,,,,,,,,,,,,,,,,,,,,,,,,,,,,,
2017-12-18,,,,,,,,,,,,,,,,,,,,,,,,,,,,,,0.31510926308129517,0.29402229206330366,0.29386976112311125,0.29125766895345906,0.2925392654215134,0.2877634256271117,0.28943101655989173,0.28857357630447317,0.28733813774103756,,,
2017-12-19,,,,,,,,,,,,,,,,,,,,,,,,,,,,,,0.3109965575893736,0.28960850537900196,0.29175668367486535,0.29002425904781726,0.2890154437068098,0.2902028255899049,0.2880002706044181,0.2879985739984667,0.2871386025511823,,,
2017-12-20,,,,,,,,,,,,,,,,,,,,,,,,,,,,,,,0.2873729973054578,0.2880139589368581,0.2879962445647774,0.2877830940696105,0.2875762419720434,0.28749995748536655,0.2868087352164965,0.2869627737887076,0.28699957285045574,,
2017-12-21,,,,,,,,,,,,,,,,,,,,,,,,,,,,,,,0.2874998397367143,0.2878651790828957,0.28791656148175426,0.28773698131640235,0.2878383429338677,0.2873121788121364,0.28699972471511914,0.2869780707166253,0.2867396517798559,,
2017-12-22,,,,,,,,,,,,,,,,,,,,,,,,,,,,,,,0.2874558355124312,0.2880161182695938,0.28795432276557636,0.2877136322644549,0.287548268835341,0.2874332224004156,0.287050724779451,0.2865618757401923,0.2869713758353222,,
2017-12-23,,,,,,,,,,,,,,,,,,,,,,,,,,,,,,,,,,,,,,,,,
2017-12-24,,,,,,,,,,,,,,,,,,,,,,,,,,,,,,,,,,,,,,,,,
2017-12-25,,,,,,,,,,,,,,,,,,,,,,,,,,,,,,,,,,,,,,,,,
2017-12-26,,,,,,,,,,,,,,,,,,,,,,,,,,,,,,,0.28827537163975525,0.2882243202253814,0.2879997808768675,0.28777935544619987,0.2877450590454867,0.28719801794073047,0.28690147476448996,0.2870117377089666,0.28699423534057034,,
2017-12-27,,,,,,,,,,,,,,,,,,,,,,,,,,,,,,,0.2895209873797698,0.2893123975697222,0.2880657513941269,0.2879171137946668,0.2877193084920763,0.2874520495063433,0.28698322317824565,0.2870225673034833,0.28695442880816896,,
2017-12-28,,,,,,,,,,,,,,,,,,,,,,,,,,,,,,,0.28437947126036217,0.2784495705097738,0.26104929567964535,0.2579290085312624,0.2820380500804909,0.28193025717689085,0.26975692435502424,0.2651690603663703,0.2713299290130775,,
2017-12-29,,,,,,,,,,,,,,,,,,,,,,,,,,,,,,,0.268021309181022,0.2661166008321973,0.2628680839153346,0.26203557389337456,,0.2800000150687628,0.2584997133350323,,0.25673925518690893,,
2017-12-30,,,,,,,,,,,,,,,,,,,,,,,,,,,,,,,,,,,,,,,,,
2017-12-31,,,,,,,,,,,,,,,,,,,,,,,,,,,,,,,,,,,,,,,,,
2018-01-01,,,,,,,,,,,,,,,,,,,,,,,,,,,,,,,,,,,,,,,,,
2018-01-02,,,,,,,,,,,,,,,,,,,,,,,,,,,,,,,0.27088158034503707,0.27154835747238065,0.26767872997454123,0.2658826291728767,0.2612037129735494,0.2604603509097054,0.26287081453245115,0.25917783363938024,0.25908760770972317,,
2018-01-03,,,,,,,,,,,,,,,,,,,,,,,,,,,,,,,0.2679957405470566,0.27191412612336974,0.26893457620952227,0.26597944207480195,0.26264602801193393,0.261001486668067,0.26053601245064845,0.25839815035741664,0.2582943174188182,,
2018-01-04,,,,,,,,,,,,,,,,,,,,,,,,,,,,,,,0.2686808936359348,0.27194798308853,0.26887510634803674,0.2659720090653154,0.2626826937964646,0.25923144444920315,0.2573988460118304,0.25552915774814766,0.25446559645970934,,
2018-01-05,,,,,,,,,,,,,,,,,,,,,,,,,,,,,,,0.271178359507445,0.2718802624060689,0.2687060132027331,0.26542654510091246,0.26300154344598736,0.2601999775498386,0.2579997115210215,0.25654142314184886,0.25531798242028164,,
2018-01-06,,,,,,,,,,,,,,,,,,,,,,,,,,,,,,,,,,,,,,,,,
2018-01-07,,,,,,,,,,,,,,,,,,,,,,,,,,,,,,,,,,,,,,,,,
2018-01-08,,,,,,,,,,,,,,,,,,,,,,,,,,,,,,,0.2714645726150221,0.271929188071298,0.26901635733875573,0.2660022873744862,0.2629717773989946,0.26157600867240177,0.0,0.2574153302426034,0.2561564220599994,,
2018-01-09,,,,,,,,,,,,,,,,,,,,,,,,,,,,,,,0.27545921284187785,0.27201853910251206,0.2690304592516895,0.2662167009498106,0.2629989694549121,0.2609854143110702,0.25851936097230277,0.25613319630889286,0.2550932401761134,,
2018-01-10,,,,,,,,,,,,,,,,,,,,,,,,,,,,,,,0.2739359264273181,0.27171379388599687,0.2690359995634132,0.2659198193509514,0.2631892799934994,0.25998847999305424,0.2576834860407414,0.2554946528472619,0.25452708485554565,,
2018-01-11,,,,,,,,,,,,,,,,,,,,,,,,,,,,,,,0.2824877145730013,0.27373386282824147,0.26881290312513867,0.265995153290133,0.2643065508361343,0.26015118230139056,0.25628427371083157,0.2554995315683055,0.2541378232323856,,
2018-01-12,,,,,,,,,,,,,,,,,,,,,,,,,,,,,,,0.28196408191944244,0.2723937963194968,0.26906471635854406,0.2668991264975112,0.26367147850813055,0.2595016800341111,0.2573928589924503,,0.25445401931785727,,
2018-01-13,,,,,,,,,,,,,,,,,,,,,,,,,,,,,,,,,,,,,,,,,
2018-01-14,,,,,,,,,,,,,,,,,,,,,,,,,,,,,,,,,,,,,,,,,
2018-01-15,,,,,,,,,,,,,,,,,,,,,,,,,,,,,,,0.28155121804975536,0.2719636066373349,0.2689711357365454,0.2655733735930815,0.26325828658780526,,,0.255499393395805,,,
2018-01-16,,,,,,,,,,,,,,,,,,,,,,,,,,,,,,,0.274894927675694,0.27116183403477445,0.2678221158324429,0.2637685595839704,0.26279792246989453,,0.25399895079069373,0.2554996196055148,0.2535000205210388,,
2018-01-17,,,,,,,,,,,,,,,,,,,,,,,,,,,,,,,,0.27168727260924136,0.2684182321881859,0.26519216494869396,0.2625725683756497,0.2601906632531311,0.2574992730829982,0.25431761337225,0.25500002534614863,0.2532266845985547,
2018-01-18,,,,,,,,,,,,,,,,,,,,,,,,,,,,,,,,0.2699756656359091,0.2673830371117056,0.26480804624517196,0.2630305938570111,0.25905039741357744,0.257451395506969,0.25524920940171797,0.2531814369178656,0.25349971648008124,
2018-01-19,,,,,,,,,,,,,,,,,,,,,,,,,,,,,,,,0.2698441903036254,0.2674131209411341,0.26480087200377306,0.26325501902670867,0.26185372086304554,0.25799777208901475,0.257000441914326,0.2548027254978258,0.25349903730734946,
2018-01-20,,,,,,,,,,,,,,,,,,,,,,,,,,,,,,,,,,,,,,,,,
2018-01-21,,,,,,,,,,,,,,,,,,,,,,,,,,,,,,,,,,,,,,,,,
2018-01-22,,,,,,,,,,,,,,,,,,,,,,,,,,,,,,,,0.27024984283059905,0.2675366714753412,0.2650079462894348,0.26240351788276006,0.26256386086512973,,,0.25557376807608123,,
2018-01-23,,,,,,,,,,,,,,,,,,,,,,,,,,,,,,,,0.27041408040560183,0.2676460649397231,0.2650930733233696,0.2624956383365399,0.2620207271417133,,0.255113611148629,0.2539984169323819,,
2018-01-24,,,,,,,,,,,,,,,,,,,,,,,,,,,,,,,,0.27009733117353,0.26754649778340034,0.26479397231673807,0.2624976768234505,0.2623225340082004,,0.25499838901990735,0.2540296423338829,0.2532644750092376,
2018-01-25,,,,,,,,,,,,,,,,,,,,,,,,,,,,,,,,0.27030984844490263,0.26786602164919304,0.26517308226638514,0.26282537992302263,0.259255147572995,0.2564521365243402,0.2537170234217076,0.2516666445081062,0.25152937899804484,
2018-01-26,,,,,,,,,,,,,,,,,,,,,,,,,,,,,,,,0.2701915847035051,0.26787645115016323,0.26515489957597943,0.26270248117628714,0.2589293548659749,0.2555001060730758,0.25417890215518074,0.2537982868961022,0.25207735555692856,
2018-01-27,,,,,,,,,,,,,,,,,,,,,,,,,,,,,,,,,,,,,,,,,
2018-01-28,,,,,,,,,,,,,,,,,,,,,,,,,,,,,,,,,,,,,,,,,
2018-01-29,,,,,,,,,,,,,,,,,,,,,,,,,,,,,,,,0.2702377595322975,0.2676911009921668,0.26507357886374067,0.2631154966192367,0.2585355000187181,0.25631600831525825,0.25399920240061336,0.2515000259577661,0.25188826085371613,
2018-01-30,,,,,,,,,,,,,,,,,,,,,,,,,,,,,,,,0.270435394709043,0.26811971247614236,0.26559836896999334,0.26296782680326114,0.2600931418267161,,,0.25204880696965654,0.2521044346353132,
2018-01-31,,,,,,,,,,,,,,,,,,,,,,,,,,,,,,,,0.26985346259883913,0.2682851524028745,0.26538131893261857,0.2633191402346116,0.2614985027219838,0.2574432546671221,0.25499870192665,0.2521936171721356,0.2514935077546707,
2018-02-01,,,,,,,,,,,,,,,,,,,,,,,,,,,,,,,,0.2698056027252467,0.2676236308963928,0.2650892857691776,0.264127713546575,0.2613248046344831,,0.25348408238570275,0.2515000288096215,,
2018-02-02,,,,,,,,,,,,,,,,,,,,,,,,,,,,,,,,0.2681072234011193,0.26759514648117566,0.2649561006719084,0.26282402564337065,0.26110579092542224,,0.24999899851409846,0.252000016002268,0.25209913956790975,
2018-02-03,,,,,,,,,,,,,,,,,,,,,,,,,,,,,,,,,,,,,,,,,
2018-02-04,,,,,,,,,,,,,,,,,,,,,,,,,,,,,,,,,,,,,,,,,
2018-02-05,,,,,,,,,,,,,,,,,,,,,,,,,,,,,,,,0.2666012382366525,0.26764074204410976,0.2650621365898811,0.2628407749311475,0.261740459613603,,0.25450001177403225,0.2520000252174763,,
2018-02-06,,,,,,,,,,,,,,,,,,,,,,,,,,,,,,,,0.2661292863510552,0.26769810841886227,0.2652936619898936,0.26295107448523125,0.2614967914290494,,,0.25300001489260415,,
2018-02-07,,,,,,,,,,,,,,,,,,,,,,,,,,,,,,,,0.26583703399695674,0.2677277495777111,0.26498216143279907,0.2630517774007612,,,0.2569994492349297,0.25399808491610226,0.25249857808477333,
2018-02-08,,,,,,,,,,,,,,,,,,,,,,,,,,,,,,,,0.26695740519847355,0.26755833144981256,0.26559326293891333,0.26392310807881364,0.2629996993298546,0.25843912045386186,0.25291839734817,0.25266609232839493,0.25209992974226997,
2018-02-09,,,,,,,,,,,,,,,,,,,,,,,,,,,,,,,,0.27008824589269853,0.26768668636430587,0.2666321795984843,0.2662876559323449,0.26207535502508067,,0.2535009671102749,0.25337785876927094,0.2519994746741339,
2018-02-10,,,,,,,,,,,,,,,,,,,,,,,,,,,,,,,,,,,,,,,,,
2018-02-11,,,,,,,,,,,,,,,,,,,,,,,,,,,,,,,,,,,,,,,,,
2018-02-12,,,,,,,,,,,,,,,,,,,,,,,,,,,,,,,,,,,,,,,,,
2018-02-13,,,,,,,,,,,,,,,,,,,,,,,,,,,,,,,,,,,,,,,,,
2018-02-14,,,,,,,,,,,,,,,,,,,,,,,,,,,,,,,,0.27047164534548757,0.26816054558561225,0.2674598412064742,0.2643778257523182,0.2632896665857539,0.26199952817818556,0.25400121096589606,0.2535660006458135,,
2018-02-15,,,,,,,,,,,,,,,,,,,,,,,,,,,,,,,,0.2839865160658182,0.27133114341817977,0.26670792648286706,0.26879741292420356,0.26421678556984834,0.2574979234861847,0.25777057310953805,,,
2018-02-16,,,,,,,,,,,,,,,,,,,,,,,,,,,,,,,,0.27713338569335155,0.26761100297991763,0.2671637355354523,0.2660179647749843,,,0.25849774159825056,,,
2018-02-17,,,,,,,,,,,,,,,,,,,,,,,,,,,,,,,,,,,,,,,,,
2018-02-18,,,,,,,,,,,,,,,,,,,,,,,,,,,,,,,,,,,,,,,,,
2018-02-19,,,,,,,,,,,,,,,,,,,,,,,,,,,,,,,,0.26668949798168307,0.26775995868799574,0.26654775316591445,0.2641464467814361,0.2662466688117405,,,0.25449858264758213,,
2018-02-20,,,,,,,,,,,,,,,,,,,,,,,,,,,,,,,,0.2819172781168833,0.2669287804864589,0.26446754374421094,0.2628574421656875,0.26338613340804995,,,0.2576950777975592,,
2018-02-21,,,,,,,,,,,,,,,,,,,,,,,,,,,,,,,,,0.2660713617345104,0.2648163978364479,0.26270652596331706,0.2614923004522845,0.2559341344436141,0.2544980965738328,0.2549983921467959,0.2534982147684792,
2018-02-22,,,,,,,,,,,,,,,,,,,,,,,,,,,,,,,,,0.2646552683286013,0.26492817012588066,0.2628156263897457,0.2599105539461179,0.2590012415505588,,,,
2018-02-23,,,,,,,,,,,,,,,,,,,,,,,,,,,,,,,,,0.26471868251210956,0.2648821277390529,0.26281955751478303,0.25967834870160694,0.2589981631562515,0.25449829489099773,0.2547427520058708,0.25242282289033685,0.24999828938918534
2018-02-24,,,,,,,,,,,,,,,,,,,,,,,,,,,,,,,,,,,,,,,,,
2018-02-25,,,,,,,,,,,,,,,,,,,,,,,,,,,,,,,,,,,,,,,,,
2018-02-26,,,,,,,,,,,,,,,,,,,,,,,,,,,,,,,,,0.2650515787650245,0.26497035164850313,0.2629825579157616,0.2584329296459074,0.25899964778732537,,0.25549790280238205,0.25317528951896984,
2018-02-27,,,,,,,,,,,,,,,,,,,,,,,,,,,,,,,,,0.26491557978646685,0.2648702390035783,0.2628836152505231,0.2568140634100027,0.25999929650007836,,0.25399802624435824,0.25208190805397845,
2018-02-28,,,,,,,,,,,,,,,,,,,,,,,,,,,,,,,,,0.26606997964815443,0.2649254283445027,0.2628733162400155,0.2580096680650808,0.25764315489537226,0.25800054754867285,,,0.2500008488674747
2018-03-01,,,,,,,,,,,,,,,,,,,,,,,,,,,,,,,,,0.26495136091842175,0.2648687416091073,0.2630696668755002,0.25948067654476203,0.25799933823612964,,0.2545438700391131,0.25150098722649805,
2018-03-02,,,,,,,,,,,,,,,,,,,,,,,,,,,,,,,,,0.26452080121912563,0.26495323533382137,0.26290041835449185,0.2584879529616617,0.2590014239594668,0.2499999702454617,,,
2018-03-03,,,,,,,,,,,,,,,,,,,,,,,,,,,,,,,,,,,,,,,,,
2018-03-04,,,,,,,,,,,,,,,,,,,,,,,,,,,,,,,,,,,,,,,,,
2018-03-05,,,,,,,,,,,,,,,,,,,,,,,,,,,,,,,,,0.26534257209806533,0.26492526470401784,0.2630190702967142,0.25848608411689095,,,0.25386087016312053,0.25248116230725987,0.2504995161366257
2018-03-06,,,,,,,,,,,,,,,,,,,,,,,,,,,,,,,,,0.2654088669320281,0.2648032487326346,0.26295905157603444,0.25800091368501415,,0.25799646505272056,0.2534983475345288,0.25300144556240267,
2018-03-07,,,,,,,,,,,,,,,,,,,,,,,,,,,,,,,,,0.26448579407155653,0.2649875141796393,0.26274821512617674,0.2585373392482361,0.25865028444389937,0.258498039818732,0.2549999295786969,0.24899980793347942,
2018-03-08,,,,,,,,,,,,,,,,,,,,,,,,,,,,,,,,,0.265182342514865,0.26492971432764323,0.26303251077542367,0.25862278375279446,,0.25550001562638014,0.25700001920493776,0.25223103982787415,0.24982837504654015
2018-03-09,,,,,,,,,,,,,,,,,,,,,,,,,,,,,,,,,0.23761371911899254,0.23761371911899254,0.23761371911899254,0.23761371911899254,0.23761371911899254,0.23761371911899254,0.23761371911899254,,
2018-03-10,,,,,,,,,,,,,,,,,,,,,,,,,,,,,,,,,,,,,,,,,
2018-03-11,,,,,,,,,,,,,,,,,,,,,,,,,,,,,,,,,,,,,,,,,
2018-03-12,,,,,,,,,,,,,,,,,,,,,,,,,,,,,,,,,0.23761371911899254,0.23761371911899254,,,,,,,
2018-03-13,,,,,,,,,,,,,,,,,,,,,,,,,,,,,,,,,0.26623478622585584,0.265337209467957,0.26302537599837006,0.2599546234233256,0.2606658255075301,0.2625000272693576,0.2599986894729587,0.2539989451466275,
2018-03-14,,,,,,,,,,,,,,,,,,,,,,,,,,,,,,,,,0.2664204663553297,0.26539000914719013,0.26298829355888426,0.2586320726578285,0.259203277968492,0.2594997386868612,0.260000011795158,0.25299891875486646,
2018-03-15,,,,,,,,,,,,,,,,,,,,,,,,,,,,,,,,,0.265579867990456,0.26496703036085795,0.2627612316001641,0.25907078254944255,0.26049875012934387,0.25500113906945343,0.25725465504222106,,0.24849999926334473
2018-03-16,,,,,,,,,,,,,,,,,,,,,,,,,,,,,,,,,0.2627509954250129,0.2649701224737657,0.2629565055436933,0.2585776583729658,0.25938187660791207,0.25749815398183695,0.25749758907287196,,
2018-03-17,,,,,,,,,,,,,,,,,,,,,,,,,,,,,,,,,,,,,,,,,
2018-03-18,,,,,,,,,,,,,,,,,,,,,,,,,,,,,,,,,,,,,,,,,
2018-03-19,,,,,,,,,,,,,,,,,,,,,,,,,,,,,,,,,0.2617166057966819,0.2649481696175652,0.2629883112844631,0.2584390908119769,0.2583726028622417,0.2565669744894908,0.25649767836158727,,0.24999939174360036
2018-03-20,,,,,,,,,,,,,,,,,,,,,,,,,,,,,,,,,0.263650955896515,0.2642153471816185,0.2621413556992959,0.2587741084279231,0.25699904564630355,0.25849920106864993,0.2587594739575002,,
2018-03-21,,,,,,,,,,,,,,,,,,,,,,,,,,,,,,,,,,0.26481459403818197,0.26296919255318535,0.2588823809409988,0.2576260289958177,0.25611073741541124,0.25635152174280273,,0.2481372082223981
2018-03-22,,,,,,,,,,,,,,,,,,,,,,,,,,,,,,,,,,0.26487140701591855,0.26315746305664045,0.2588917974676151,0.2592215697194006,0.2579956251349558,0.2570679110162966,,0.2495000179795496
2018-03-23,,,,,,,,,,,,,,,,,,,,,,,,,,,,,,,,,,0.2649123588509053,0.26274295920863455,0.25890375707124075,0.2577595153237132,0.25906886390314576,0.25800034869075616,,
2018-03-24,,,,,,,,,,,,,,,,,,,,,,,,,,,,,,,,,,,,,,,,,
2018-03-25,,,,,,,,,,,,,,,,,,,,,,,,,,,,,,,,,,,,,,,,,
2018-03-26,,,,,,,,,,,,,,,,,,,,,,,,,,,,,,,,,,0.2655276396547644,0.26345196657027864,0.25902366723273335,0.2595145578309913,0.2594003562558777,,0.25749972431333085,
2018-03-27,,,,,,,,,,,,,,,,,,,,,,,,,,,,,,,,,,0.2680474624134614,0.26372774778494973,0.25900394443466995,0.2577045530238793,0.25970857672749276,0.2597594607545686,,
2018-03-28,,,,,,,,,,,,,,,,,,,,,,,,,,,,,,,,,,0.2691406201439561,0.2633182871789754,0.2601155288051186,0.25889465787782356,0.26049949930178806,0.26064541419119425,,
2018-03-29,,,,,,,,,,,,,,,,,,,,,,,,,,,,,,,,,,,,,,,,,
2018-03-30,,,,,,,,,,,,,,,,,,,,,,,,,,,,,,,,,,,,,,,,,
2018-03-31,,,,,,,,,,,,,,,,,,,,,,,,,,,,,,,,,,,,,,,,,
2018-04-01,,,,,,,,,,,,,,,,,,,,,,,,,,,,,,,,,,,,,,,,,
2018-04-02,,,,,,,,,,,,,,,,,,,,,,,,,,,,,,,,,,,,,,,,,
2018-04-03,,,,,,,,,,,,,,,,,,,,,,,,,,,,,,,,,,0.2648200293799647,0.2628636689786965,0.2585535833046115,0.2601125302998158,0.2609695364100261,0.26000104252332,,
2018-04-04,,,,,,,,,,,,,,,,,,,,,,,,,,,,,,,,,,0.2639431023559058,0.2627573491447453,0.2591260221350664,0.2573285020268007,0.25966506025387937,0.2628602040183539,,
2018-04-05,,,,,,,,,,,,,,,,,,,,,,,,,,,,,,,,,,0.2620705110030646,0.26281522365594623,0.2596328736904973,0.2583158377309782,0.2590004728613765,0.26223375710770286,,
2018-04-06,,,,,,,,,,,,,,,,,,,,,,,,,,,,,,,,,,0.26129215152381974,0.2629093398535324,0.25914461763519536,0.2587999686819486,0.26247697673427345,0.2619982116976197,,
2018-04-07,,,,,,,,,,,,,,,,,,,,,,,,,,,,,,,,,,,,,,,,,
2018-04-08,,,,,,,,,,,,,,,,,,,,,,,,,,,,,,,,,,,,,,,,,
2018-04-09,,,,,,,,,,,,,,,,,,,,,,,,,,,,,,,,,,0.2633751703441037,0.26322552438496605,0.25988475150679147,0.2589422923706134,0.26158175962645797,0.2613996804046972,,
2018-04-10,,,,,,,,,,,,,,,,,,,,,,,,,,,,,,,,,,0.264447116900562,0.26303810473566097,0.26023161319554167,0.2586717624491178,0.26006423308942433,0.25972053564512587,,
2018-04-11,,,,,,,,,,,,,,,,,,,,,,,,,,,,,,,,,,0.2640295637097534,0.2629737352995392,0.2597665002175392,0.2580048396946368,0.2590532322334177,,,
2018-04-12,,,,,,,,,,,,,,,,,,,,,,,,,,,,,,,,,,0.26373465854715933,0.26284721936722394,0.2589566086746901,0.259010580479836,0.2572893969630945,0.25814131638929017,0.2548875905311886,
2018-04-13,,,,,,,,,,,,,,,,,,,,,,,,,,,,,,,,,,0.2627473191028078,0.26277409664461165,0.25933111704796624,0.2570984245926366,,0.25950093078108594,0.2550000040104603,
2018-04-14,,,,,,,,,,,,,,,,,,,,,,,,,,,,,,,,,,,,,,,,,
2018-04-15,,,,,,,,,,,,,,,,,,,,,,,,,,,,,,,,,,,,,,,,,
2018-04-16,,,,,,,,,,,,,,,,,,,,,,,,,,,,,,,,,,0.26706288763268526,0.26295523911645197,0.25879090837775554,0.25725883810694467,0.25849352662857505,0.2554990418364205,,
2018-04-17,,,,,,,,,,,,,,,,,,,,,,,,,,,,,,,,,,,0.26259914379435906,0.25930706983099416,0.25744226123915415,0.25700548494167913,,,
2018-04-18,,,,,,,,,,,,,,,,,,,,,,,,,,,,,,,,,,,0.2719776846441576,0.2633587427971035,0.2602712970769471,0.2591651948991723,,,
2018-04-19,,,,,,,,,,,,,,,,,,,,,,,,,,,,,,,,,,,0.26276975285055115,0.2595134359923848,0.25686346002135785,0.2570689356495945,0.2563610766253926,,
2018-04-20,,,,,,,,,,,,,,,,,,,,,,,,,,,,,,,,,,,0.2628875418069859,0.2599660485426174,0.2568401679282617,0.2568756112141227,0.2564820348848813,,
2018-04-21,,,,,,,,,,,,,,,,,,,,,,,,,,,,,,,,,,,,,,,,,
2018-04-22,,,,,,,,,,,,,,,,,,,,,,,,,,,,,,,,,,,,,,,,,
2018-04-23,,,,,,,,,,,,,,,,,,,,,,,,,,,,,,,,,,,0.26306085937540974,0.259942068414036,0.2568737735268657,0.25753798663502364,0.25776950545363825,,
2018-04-24,,,,,,,,,,,,,,,,,,,,,,,,,,,,,,,,,,,0.26418077934490813,0.2601377919334087,0.25706465767753867,0.2604207139190682,0.2564988149401477,0.25749900358199507,
2018-04-25,,,,,,,,,,,,,,,,,,,,,,,,,,,,,,,,,,,0.27173756532247706,0.25952648940571876,0.2575593828743865,0.25984184177803527,0.25800164933740205,0.2543326851189521,
2018-04-26,,,,,,,,,,,,,,,,,,,,,,,,,,,,,,,,,,,0.28131255174742187,0.2768769196287212,0.2750054885751035,0.27390706824498073,0.2701463631208245,,
2018-04-27,,,,,,,,,,,,,,,,,,,,,,,,,,,,,,,,,,,0.31602314388929237,0.3140607649289002,0.30197496037727284,0.2884399354053057,0.27499941955816254,,
2018-04-28,,,,,,,,,,,,,,,,,,,,,,,,,,,,,,,,,,,,,,,,,
2018-04-29,,,,,,,,,,,,,,,,,,,,,,,,,,,,,,,,,,,,,,,,,
2018-04-30,,,,,,,,,,,,,,,,,,,,,,,,,,,,,,,,,,,,,,,,,
2018-05-01,,,,,,,,,,,,,,,,,,,,,,,,,,,,,,,,,,,,,,,,,
2018-05-02,,,,,,,,,,,,,,,,,,,,,,,,,,,,,,,,,,,0.3180221737699718,0.3171647235035977,0.3259499511096128,0.299952765051843,,,
2018-05-03,,,,,,,,,,,,,,,,,,,,,,,,,,,,,,,,,,,0.3692627832697473,0.3454837413981352,0.34495959386039265,0.3559855053141444,,,
2018-05-04,,,,,,,,,,,,,,,,,,,,,,,,,,,,,,,,,,,0.3491305747536064,0.3432913220426783,0.3338603661412536,0.33249345422696147,,,
2018-05-05,,,,,,,,,,,,,,,,,,,,,,,,,,,,,,,,,,,,,,,,,
2018-05-06,,,,,,,,,,,,,,,,,,,,,,,,,,,,,,,,,,,,,,,,,
2018-05-07,,,,,,,,,,,,,,,,,,,,,,,,,,,,,,,,,,,0.3670173690804337,0.3799403331953961,0.3506390205642474,0.3385413686757293,,,
2018-05-08,,,,,,,,,,,,,,,,,,,,,,,,,,,,,,,,,,,0.41435604598813847,0.4195359837813957,0.39614840641541377,0.3999333885299729,0.3999612824704188,,
2018-05-09,,,,,,,,,,,,,,,,,,,,,,,,,,,,,,,,,,,0.42058745320427654,0.42176461796522324,0.4202357383743746,0.4064549289598688,0.40025537616612494,0.38837037465909513,
2018-05-10,,,,,,,,,,,,,,,,,,,,,,,,,,,,,,,,,,,0.4768652063235816,0.425908179031334,0.4197419377407032,0.4239286045312858,0.4000376197210502,0.39749966240415235,
2018-05-11,,,,,,,,,,,,,,,,,,,,,,,,,,,,,,,,,,,0.511359720487661,0.46892881476484954,0.43176112583935905,0.4003798456099857,0.402220654962975,,
2018-05-12,,,,,,,,,,,,,,,,,,,,,,,,,,,,,,,,,,,,,,,,,
2018-05-13,,,,,,,,,,,,,,,,,,,,,,,,,,,,,,,,,,,,,,,,,
2018-05-14,,,,,,,,,,,,,,,,,,,,,,,,,,,,,,,,,,,0.46230549427683065,0.42017210748768924,0.4192877052067799,0.3931619604084913,0.38611495566434834,,
2018-05-15,,,,,,,,,,,,,,,,,,,,,,,,,,,,,,,,,,,0.4470586958438283,0.408327765628823,0.39210830925931023,0.38188703643626143,0.3904121611379607,0.3911335414830452,
2018-05-16,,,,,,,,,,,,,,,,,,,,,,,,,,,,,,,,,,,,0.399920959792339,0.39998923711657625,0.38493762410318844,0.3799971159078075,0.38000031022071196,
2018-05-17,,,,,,,,,,,,,,,,,,,,,,,,,,,,,,,,,,,,0.39704069139239917,0.3999660900977355,0.38490648787794624,0.38187222034940227,0.38059165199028544,
2018-05-18,,,,,,,,,,,,,,,,,,,,,,,,,,,,,,,,,,,,,,,,,
2018-05-19,,,,,,,,,,,,,,,,,,,,,,,,,,,,,,,,,,,,,,,,,
2018-05-20,,,,,,,,,,,,,,,,,,,,,,,,,,,,,,,,,,,,,,,,,
2018-05-21,,,,,,,,,,,,,,,,,,,,,,,,,,,,,,,,,,,,0.39100115810553865,0.39997217550934183,0.38466885935193856,0.38085024827480624,0.3799970839213988,
2018-05-22,,,,,,,,,,,,,,,,,,,,,,,,,,,,,,,,,,,,0.3955089179452342,0.39994287825722397,0.384853774807337,0.38049869123083097,0.37952412403896707,
2018-05-23,,,,,,,,,,,,,,,,,,,,,,,,,,,,,,,,,,,,0.39832813944342793,0.3998860972537996,0.3849228545972583,0.3800006461332184,0.37999926330889866,
2018-05-24,,,,,,,,,,,,,,,,,,,,,,,,,,,,,,,,,,,,0.3954905568731353,0.39996362874242586,0.3850050005356114,0.3907008980444208,0.37999885721645366,
2018-05-25,,,,,,,,,,,,,,,,,,,,,,,,,,,,,,,,,,,,,,,,,
2018-05-26,,,,,,,,,,,,,,,,,,,,,,,,,,,,,,,,,,,,,,,,,
2018-05-27,,,,,,,,,,,,,,,,,,,,,,,,,,,,,,,,,,,,,,,,,
2018-05-28,,,,,,,,,,,,,,,,,,,,,,,,,,,,,,,,,,,,0.39631884151773683,0.39944653264086505,0.3849505153325213,0.3840775235072689,0.3768988963154133,
2018-05-29,,,,,,,,,,,,,,,,,,,,,,,,,,,,,,,,,,,,0.3997787807819934,0.4002615188132945,0.3851634929055427,0.38438651354405223,0.3792796443694344,
2018-05-30,,,,,,,,,,,,,,,,,,,,,,,,,,,,,,,,,,,,0.3977089855271552,0.4012577373662402,0.38568555581608976,0.3814042190583361,0.3822827892088884,
2018-05-31,,,,,,,,,,,,,,,,,,,,,,,,,,,,,,,,,,,,0.39991718313991215,0.406164903614195,0.3855663788408899,0.38220370660871106,0.38579064262599017,
2018-06-01,,,,,,,,,,,,,,,,,,,,,,,,,,,,,,,,,,,,0.3998665671026067,0.4049620459289686,0.38645010556048265,0.38371302438149274,0.38999689406665294,
2018-06-02,,,,,,,,,,,,,,,,,,,,,,,,,,,,,,,,,,,,,,,,,
2018-06-03,,,,,,,,,,,,,,,,,,,,,,,,,,,,,,,,,,,,,,,,,
2018-06-04,,,,,,,,,,,,,,,,,,,,,,,,,,,,,,,,,,,,0.3996951759444425,0.40268944829763115,0.3863596993113273,0.38242074725453873,0.3841436853085427,
2018-06-05,,,,,,,,,,,,,,,,,,,,,,,,,,,,,,,,,,,,0.39941862551009566,0.4039749698146658,0.3897300021645884,0.38752260937713545,,
2018-06-06,,,,,,,,,,,,,,,,,,,,,,,,,,,,,,,,,,,,0.3967056844010353,0.40001107465422187,0.38741496326776054,0.380584597296397,0.38137714417517027,
