indice_tiempo,tasas_interes_call
1/2/2003,6.0172
1/3/2003,6.0455
1/4/2003,6.0455
1/5/2003,6.0455
1/6/2003,5.9506
1/7/2003,6.1417
1/8/2003,6.0399
1/9/2003,5.6962
1/10/2003,5.4486
1/11/2003,5.4486
1/12/2003,5.4486
1/13/2003,5.5567
1/14/2003,5.032
1/15/2003,5.2532
1/16/2003,5.1713
1/17/2003,5.2448
1/18/2003,5.2448
1/19/2003,5.2448
1/20/2003,5.0107
1/21/2003,5.5689
1/22/2003,6.269
1/23/2003,6.2139
1/24/2003,5.6427
1/25/2003,5.6427
1/26/2003,5.6427
1/27/2003,5.5851
1/28/2003,6.0621
1/29/2003,5.0934
1/30/2003,5.5707
1/31/2003,5.2919
2/1/2003,5.2919
2/2/2003,5.2919
2/3/2003,5.3786
2/4/2003,5.5471
2/5/2003,5.2874
2/6/2003,5.9532
2/7/2003,5.2366
2/8/2003,5.2366
2/9/2003,5.2366
2/10/2003,5.6412
2/11/2003,5.6048
2/12/2003,5.7085
2/13/2003,5.6949
2/14/2003,6.037
2/15/2003,6.037
2/16/2003,6.037
2/17/2003,6.0095
2/18/2003,6.55
2/19/2003,6.8781
2/20/2003,7.3972
2/21/2003,7.8752
2/22/2003,7.8752
2/23/2003,7.8752
2/24/2003,7.8457
2/25/2003,8.5835
2/26/2003,9.3905
2/27/2003,8.555
2/28/2003,8.3236
3/1/2003,8.3236
3/2/2003,8.3236
3/3/2003,8.4221
3/4/2003,8.8502
3/5/2003,9.3343
3/6/2003,9.2501
3/7/2003,9.1861
3/8/2003,9.1861
3/9/2003,9.1861
3/10/2003,8.7314
3/11/2003,9.594
3/12/2003,9.7485
3/13/2003,8.8115
3/14/2003,9.0204
3/15/2003,9.0204
3/16/2003,9.0204
3/17/2003,8.4438
3/18/2003,8.8841
3/19/2003,8.2977
3/20/2003,8.1583
3/21/2003,7.8566
3/22/2003,7.8566
3/23/2003,7.8566
3/24/2003,8.0148
3/25/2003,7.6628
3/26/2003,6.8356
3/27/2003,7.9712
3/28/2003,6.8561
3/29/2003,6.8561
3/30/2003,6.8561
3/31/2003,6.8561
4/1/2003,6.9078
4/2/2003,6.5928
4/3/2003,6.6852
4/4/2003,6.706
4/5/2003,6.706
4/6/2003,6.706
4/7/2003,6.839
4/8/2003,7.0911
4/9/2003,6.9685
4/10/2003,7.1059
4/11/2003,6.8299
4/12/2003,6.8299
4/13/2003,6.8299
4/14/2003,6.2332
4/15/2003,6.6076
4/16/2003,6.5964
4/17/2003,6.5964
4/18/2003,6.5964
4/19/2003,6.5964
4/20/2003,6.5964
4/21/2003,6.3942
4/22/2003,6.3547
4/23/2003,5.6291
4/24/2003,5.4256
4/25/2003,6.2844
4/26/2003,6.2844
4/27/2003,6.2844
4/28/2003,5.6727
4/29/2003,5.7954
4/30/2003,5.2928
5/1/2003,5.2928
5/2/2003,6.0455
5/3/2003,6.0455
5/4/2003,6.0455
5/5/2003,5.5201
5/6/2003,5.3762
5/7/2003,5.9445
5/8/2003,4.9302
5/9/2003,5.2603
5/10/2003,5.2603
5/11/2003,5.2603
5/12/2003,5.0001
5/13/2003,4.9745
5/14/2003,4.4987
5/15/2003,4.396
5/16/2003,4.5105
5/17/2003,4.5105
5/18/2003,4.5105
5/19/2003,4.4584
5/20/2003,4.0214
5/21/2003,4.1725
5/22/2003,4.1146
5/23/2003,4.6997
5/24/2003,4.6997
5/25/2003,4.6997
5/26/2003,3.8252
5/27/2003,3.7124
5/28/2003,3.8798
5/29/2003,3.8713
5/30/2003,3.7259
5/31/2003,3.7259
6/1/2003,3.7259
6/2/2003,3.545
6/3/2003,3.4772
6/4/2003,3.6194
6/5/2003,3.7705
6/6/2003,3.9315
6/7/2003,3.9315
6/8/2003,3.9315
6/9/2003,4.2013
6/10/2003,4.009
6/11/2003,4.2798
6/12/2003,4.3167
6/13/2003,4.4762
6/14/2003,4.4762
6/15/2003,4.4762
6/16/2003,4.4762
6/17/2003,4.2036
6/18/2003,3.9676
6/19/2003,3.9019
6/20/2003,4.4007
6/21/2003,4.4007
6/22/2003,4.4007
6/23/2003,4.0783
6/24/2003,3.7076
6/25/2003,3.4686
6/26/2003,3.6013
6/27/2003,3.6837
6/28/2003,3.6837
6/29/2003,3.6837
6/30/2003,3.2903
7/1/2003,3.1159
7/2/2003,3.005
7/3/2003,2.7684
7/4/2003,2.9775
7/5/2003,2.9775
7/6/2003,2.9775
7/7/2003,2.9039
7/8/2003,2.7602
7/9/2003,2.7602
7/10/2003,2.8971
7/11/2003,2.5458
7/12/2003,2.5458
7/13/2003,2.5458
7/14/2003,2.2367
7/15/2003,2.4551
7/16/2003,2.4427
7/17/2003,2.105
7/18/2003,2.728
7/19/2003,2.728
7/20/2003,2.728
7/21/2003,1.9201
7/22/2003,2.0177
7/23/2003,1.711
7/24/2003,1.7572
7/25/2003,1.6922
7/26/2003,1.6922
7/27/2003,1.6922
7/28/2003,1.6838
7/29/2003,1.6566
7/30/2003,1.647
7/31/2003,1.9481
8/1/2003,1.8379
8/2/2003,1.8379
8/3/2003,1.8379
8/4/2003,1.6802
8/5/2003,1.585
8/6/2003,1.3713
8/7/2003,1.6891
8/8/2003,1.3621
8/9/2003,1.3621
8/10/2003,1.3621
8/11/2003,1.2355
8/12/2003,1.2666
8/13/2003,1.2434
8/14/2003,1.6144
8/15/2003,1.5199
8/16/2003,1.5199
8/17/2003,1.5199
8/18/2003,1.5199
8/19/2003,1.2029
8/20/2003,1.4852
8/21/2003,1.6681
8/22/2003,2.0242
8/23/2003,2.0242
8/24/2003,2.0242
8/25/2003,1.2041
8/26/2003,1.4092
8/27/2003,1.2568
8/28/2003,1.5001
8/29/2003,1.2691
8/30/2003,1.2691
8/31/2003,1.2691
9/1/2003,1.6761
9/2/2003,1.3331
9/3/2003,1.3634
9/4/2003,1.5795
9/5/2003,1.3211
9/6/2003,1.3211
9/7/2003,1.3211
9/8/2003,1.2921
9/9/2003,1.3619
9/10/2003,1.4198
9/11/2003,1.7311
9/12/2003,1.6482
9/13/2003,1.6482
9/14/2003,1.6482
9/15/2003,1.5806
9/16/2003,1.498
9/17/2003,1.6401
9/18/2003,1.7667
9/19/2003,1.4867
9/20/2003,1.4867
9/21/2003,1.4867
9/22/2003,1.9351
9/23/2003,1.4327
9/24/2003,1.492
9/25/2003,1.5687
9/26/2003,1.5145
9/27/2003,1.5145
9/28/2003,1.5145
9/29/2003,1.5293
9/30/2003,1.6289
10/1/2003,1.5285
10/2/2003,1.8426
10/3/2003,1.5646
10/4/2003,1.5646
10/5/2003,1.5646
10/6/2003,1.736
10/7/2003,1.7418
10/8/2003,1.5768
10/9/2003,1.7287
10/10/2003,1.6417
10/11/2003,1.6417
10/12/2003,1.6417
10/13/2003,1.6417
10/14/2003,1.568
10/15/2003,1.5472
10/16/2003,1.6578
10/17/2003,1.472
10/18/2003,1.472
10/19/2003,1.472
10/20/2003,1.3985
10/21/2003,1.4762
10/22/2003,1.4113
10/23/2003,1.6573
10/24/2003,1.786
10/25/2003,1.786
10/26/2003,1.786
10/27/2003,1.8429
10/28/2003,1.7739
10/29/2003,1.8804
10/30/2003,1.7424
10/31/2003,1.4117
11/1/2003,1.4117
11/2/2003,1.4117
11/3/2003,1.7666
11/4/2003,1.4204
11/5/2003,1.4255
11/6/2003,1.4255
11/7/2003,1.734
11/8/2003,1.734
11/9/2003,1.734
11/10/2003,1.67
11/11/2003,1.734
11/12/2003,1.5487
11/13/2003,1.4796
11/14/2003,1.4909
11/15/2003,1.4909
11/16/2003,1.4909
11/17/2003,1.5629
11/18/2003,1.7024
11/19/2003,1.6641
11/20/2003,1.7771
11/21/2003,2.5079
11/22/2003,2.5079
11/23/2003,2.5079
11/24/2003,1.7566
11/25/2003,1.8539
11/26/2003,1.5087
11/27/2003,1.524
11/28/2003,1.5033
11/29/2003,1.5033
11/30/2003,1.5033
12/1/2003,1.8653
12/2/2003,1.8848
12/3/2003,1.7376
12/4/2003,1.4726
12/5/2003,1.6511
12/6/2003,1.6511
12/7/2003,1.6511
12/8/2003,1.6511
12/9/2003,2.3816
12/10/2003,1.8694
12/11/2003,1.7971
12/12/2003,2.5365
12/13/2003,2.5365
12/14/2003,2.5365
12/15/2003,1.5205
12/16/2003,1.5409
12/17/2003,1.3611
12/18/2003,1.4748
12/19/2003,1.3342
12/20/2003,1.3342
12/21/2003,1.3342
12/22/2003,1.9203
12/23/2003,1.5666
12/24/2003,1.7756
12/25/2003,1.7756
12/26/2003,1.5701
12/27/2003,1.5701
12/28/2003,1.5701
12/29/2003,1.331
12/30/2003,1.3823
12/31/2003,1.6745
1/1/2004,1.6745
1/2/2004,1.5209
1/3/2004,1.5209
1/4/2004,1.5209
1/5/2004,1.5221
1/6/2004,1.488
1/7/2004,1.3048
1/8/2004,1.2223
1/9/2004,1.3842
1/10/2004,1.3842
1/11/2004,1.3842
1/12/2004,1.4983
1/13/2004,1.5089
1/14/2004,1.3869
1/15/2004,1.3606
1/16/2004,1.3492
1/17/2004,1.3492
1/18/2004,1.3492
1/19/2004,1.2639
1/20/2004,1.2899
1/21/2004,1.3752
1/22/2004,2.0438
1/23/2004,1.2047
1/24/2004,1.2047
1/25/2004,1.2047
1/26/2004,1.1621
1/27/2004,1.1948
1/28/2004,1.4453
1/29/2004,1.3016
1/30/2004,1.4066
1/31/2004,1.4066
2/1/2004,1.4066
2/2/2004,1.3434
2/3/2004,1.4735
2/4/2004,1.4356
2/5/2004,1.2329
2/6/2004,1.2898
2/7/2004,1.2898
2/8/2004,1.2898
2/9/2004,1.3491
2/10/2004,1.5056
2/11/2004,1.2434
2/12/2004,1.1713
2/13/2004,1.165
2/14/2004,1.165
2/15/2004,1.165
2/16/2004,1.2167
2/17/2004,1.1488
2/18/2004,1.2052
2/19/2004,1.1945
2/20/2004,1.2635
2/21/2004,1.2635
2/22/2004,1.2635
2/23/2004,1.3475
2/24/2004,1.177
2/25/2004,1.2175
2/26/2004,1.2495
2/27/2004,1.2631
2/28/2004,1.2631
2/29/2004,1.2631
3/1/2004,1.2747
3/2/2004,1.279
3/3/2004,1.2058
3/4/2004,1.2741
3/5/2004,1.1675
3/6/2004,1.1675
3/7/2004,1.1675
3/8/2004,1.2722
3/9/2004,1.1095
3/10/2004,1.1591
3/11/2004,1.2377
3/12/2004,1.2954
3/13/2004,1.2954
3/14/2004,1.2954
3/15/2004,1.2112
3/16/2004,1.4758
3/17/2004,1.4186
3/18/2004,1.1086
3/19/2004,1.1236
3/20/2004,1.1236
3/21/2004,1.1236
3/22/2004,1.1391
3/23/2004,1.2257
3/24/2004,1.4839
3/25/2004,1.1204
3/26/2004,1.1839
3/27/2004,1.1839
3/28/2004,1.1839
3/29/2004,1.1181
3/30/2004,1.2458
3/31/2004,1.2843
4/1/2004,1.3521
4/2/2004,1.2428
4/3/2004,1.2428
4/4/2004,1.2428
4/5/2004,1.2428
4/6/2004,1.1627
4/7/2004,1.1199
4/8/2004,1.1199
4/9/2004,1.1199
4/10/2004,1.1199
4/11/2004,1.1199
4/12/2004,1.1922
4/13/2004,1.2219
4/14/2004,1.2196
4/15/2004,1.1872
4/16/2004,1.2032
4/17/2004,1.2032
4/18/2004,1.2032
4/19/2004,1.1882
4/20/2004,1.2242
4/21/2004,1.1752
4/22/2004,1.2893
4/23/2004,1.3552
4/24/2004,1.3552
4/25/2004,1.3552
4/26/2004,1.5075
4/27/2004,1.4063
4/28/2004,1.2678
4/29/2004,1.3195
4/30/2004,1.2188
5/1/2004,1.2188
5/2/2004,1.2188
5/3/2004,1.6352
5/4/2004,1.9363
5/5/2004,1.9789
5/6/2004,1.7965
5/7/2004,1.8378
5/8/2004,1.8378
5/9/2004,1.8378
5/10/2004,1.8548
5/11/2004,1.9073
5/12/2004,2.1545
5/13/2004,2.4259
5/14/2004,3.4402
5/15/2004,3.4402
5/16/2004,3.4402
5/17/2004,4.5482
5/18/2004,5.8211
5/19/2004,5.1386
5/20/2004,4.0045
5/21/2004,3.8146
5/22/2004,3.8146
5/23/2004,3.8146
5/24/2004,3.4828
5/25/2004,3.4828
5/26/2004,3.196
5/27/2004,3.0643
5/28/2004,2.9391
5/29/2004,2.9391
5/30/2004,2.9391
5/31/2004,2.8478
6/1/2004,3.0262
6/2/2004,2.9631
6/3/2004,2.75
6/4/2004,2.6475
6/5/2004,2.6475
6/6/2004,2.6475
6/7/2004,2.6046
6/8/2004,2.4823
6/9/2004,2.4919
6/10/2004,2.4227
6/11/2004,2.2974
6/12/2004,2.2974
6/13/2004,2.2974
6/14/2004,2.2012
6/15/2004,2.0906
6/16/2004,2.0686
6/17/2004,1.8224
6/18/2004,1.9558
6/19/2004,1.9558
6/20/2004,1.9558
6/21/2004,1.9558
6/22/2004,1.9379
6/23/2004,1.7226
6/24/2004,1.6608
6/25/2004,1.6664
6/26/2004,1.6664
6/27/2004,1.6664
6/28/2004,1.6835
6/29/2004,1.7309
6/30/2004,1.6926
7/1/2004,1.5928
7/2/2004,1.6256
7/3/2004,1.6256
7/4/2004,1.6256
7/5/2004,1.5754
7/6/2004,1.6954
7/7/2004,1.7146
7/8/2004,1.6592
7/9/2004,1.6592
7/10/2004,1.6592
7/11/2004,1.6592
7/12/2004,1.6594
7/13/2004,1.7087
7/14/2004,1.7068
7/15/2004,1.7954
7/16/2004,1.9481
7/17/2004,1.9481
7/18/2004,1.9481
7/19/2004,2.0902
7/20/2004,1.9973
7/21/2004,2.0193
7/22/2004,2.0884
7/23/2004,2.055
7/24/2004,2.055
7/25/2004,2.055
7/26/2004,2.0569
7/27/2004,1.9893
7/28/2004,2.1285
7/29/2004,2.1216
7/30/2004,2.1048
7/31/2004,2.1048
8/1/2004,2.1048
8/2/2004,2.1417
8/3/2004,2.1317
8/4/2004,2.0417
8/5/2004,2.1179
8/6/2004,2.1466
8/7/2004,2.1466
8/8/2004,2.1466
8/9/2004,2.1643
8/10/2004,2.0804
8/11/2004,2.054
8/12/2004,2.0506
8/13/2004,2.1425
8/14/2004,2.1425
8/15/2004,2.1425
8/16/2004,2.1425
8/17/2004,2.214
8/18/2004,2.2001
8/19/2004,2.194
8/20/2004,2.2056
8/21/2004,2.2056
8/22/2004,2.2056
8/23/2004,2.1478
8/24/2004,2.2219
8/25/2004,2.2329
8/26/2004,2.5067
8/27/2004,2.5829
8/28/2004,2.5829
8/29/2004,2.5829
8/30/2004,2.3759
8/31/2004,2.3083
9/1/2004,2.3148
9/2/2004,2.2505
9/3/2004,2.3571
9/4/2004,2.3571
9/5/2004,2.3571
9/6/2004,2.2336
9/7/2004,2.2651
9/8/2004,2.2322
9/9/2004,2.2404
9/10/2004,2.286
9/11/2004,2.286
9/12/2004,2.286
9/13/2004,2.371
9/14/2004,2.317
9/15/2004,2.3184
9/16/2004,2.3749
9/17/2004,2.429
9/18/2004,2.429
9/19/2004,2.429
9/20/2004,2.3558
9/21/2004,2.33
9/22/2004,2.3044
9/23/2004,2.2754
9/24/2004,2.3502
9/25/2004,2.3502
9/26/2004,2.3502
9/27/2004,2.356
9/28/2004,2.3623
9/29/2004,2.3066
9/30/2004,2.3324
10/1/2004,2.4933
10/2/2004,2.4933
10/3/2004,2.4933
10/4/2004,2.3472
10/5/2004,2.3072
10/6/2004,2.2326
10/7/2004,2.2695
10/8/2004,2.3154
10/9/2004,2.3154
10/10/2004,2.3154
10/11/2004,2.3154
10/12/2004,2.382
10/13/2004,2.3204
10/14/2004,2.266
10/15/2004,2.3117
10/16/2004,2.3117
10/17/2004,2.3117
10/18/2004,2.3367
10/19/2004,2.3102
10/20/2004,2.4111
10/21/2004,2.3992
10/22/2004,2.4253
10/23/2004,2.4253
10/24/2004,2.4253
10/25/2004,2.3527
10/26/2004,2.3424
10/27/2004,2.3288
10/28/2004,2.2849
10/29/2004,2.3271
10/30/2004,2.3271
10/31/2004,2.3271
11/1/2004,2.4876
11/2/2004,2.2203
11/3/2004,2.2315
11/4/2004,2.1823
11/5/2004,2.2704
11/6/2004,2.2704
11/7/2004,2.2704
11/8/2004,2.3029
11/9/2004,2.2931
11/10/2004,2.2972
11/11/2004,2.3237
11/12/2004,2.2779
11/13/2004,2.2779
11/14/2004,2.2779
11/15/2004,2.2598
11/16/2004,2.2764
11/17/2004,2.3127
11/18/2004,2.2403
11/19/2004,2.4099
11/20/2004,2.4099
11/21/2004,2.4099
11/22/2004,2.2878
11/23/2004,2.3214
11/24/2004,2.2629
11/25/2004,2.3156
11/26/2004,2.2682
11/27/2004,2.2682
11/28/2004,2.2682
11/29/2004,2.3795
11/30/2004,2.2111
12/1/2004,2.2845
12/2/2004,2.2598
12/3/2004,2.2614
12/4/2004,2.2614
12/5/2004,2.2614
12/6/2004,2.2935
12/7/2004,2.2555
12/8/2004,2.2555
12/9/2004,2.3992
12/10/2004,2.2375
12/11/2004,2.2375
12/12/2004,2.2375
12/13/2004,2.2816
12/14/2004,2.2704
12/15/2004,2.2086
12/16/2004,2.1988
12/17/2004,2.2332
12/18/2004,2.2332
12/19/2004,2.2332
12/20/2004,2.3341
12/21/2004,2.1528
12/22/2004,2.1042
12/23/2004,2.1733
12/24/2004,2.4625
12/25/2004,2.4625
12/26/2004,2.4625
12/27/2004,2.2259
12/28/2004,2.3439
12/29/2004,2.2002
12/30/2004,2.1471
12/31/2004,4.5448
1/1/2005,4.5448
1/2/2005,4.5448
1/3/2005,2.41
1/4/2005,2.25
1/5/2005,2.23
1/6/2005,2.23
1/7/2005,2.41
1/8/2005,2.41
1/9/2005,2.41
1/10/2005,2.48
1/11/2005,2.42
1/12/2005,2.26
1/13/2005,2.19
1/14/2005,2.2
1/15/2005,2.2
1/16/2005,2.2
1/17/2005,2.48
1/18/2005,2.19
1/19/2005,2.11
1/20/2005,2.18
1/21/2005,2.12
1/22/2005,2.12
1/23/2005,2.12
1/24/2005,2.16
1/25/2005,2.23
1/26/2005,2.18
1/27/2005,2.2
1/28/2005,2.19
1/29/2005,2.19
1/30/2005,2.19
1/31/2005,2.12
2/1/2005,2.22
2/2/2005,2.21
2/3/2005,2.3
2/4/2005,2.12
2/5/2005,2.12
2/6/2005,2.12
2/7/2005,2.2
2/8/2005,2.16
2/9/2005,2.19
2/10/2005,2.27
2/11/2005,2.27
2/12/2005,2.27
2/13/2005,2.27
2/14/2005,2.17
2/15/2005,2.26
2/16/2005,2.39
2/17/2005,2.27
2/18/2005,2.2
2/19/2005,2.2
2/20/2005,2.2
2/21/2005,2.2
2/22/2005,2.15
2/23/2005,2.16
2/24/2005,2.15
2/25/2005,2.2
2/26/2005,2.2
2/27/2005,2.2
2/28/2005,2.21
3/1/2005,2.73
3/2/2005,2.21
3/3/2005,2.31
3/4/2005,2.14
3/5/2005,2.14
3/6/2005,2.14
3/7/2005,2.21
3/8/2005,2.24
3/9/2005,2.26
3/10/2005,2.22
3/11/2005,2.14
3/12/2005,2.14
3/13/2005,2.14
3/14/2005,2.31
3/15/2005,2.32
3/16/2005,2.45
3/17/2005,2.51
3/18/2005,2.45
3/19/2005,2.45
3/20/2005,2.45
3/21/2005,2.39
3/22/2005,2.33
3/23/2005,2.58
3/24/2005,2.58
3/25/2005,2.58
3/26/2005,2.58
3/27/2005,2.58
3/28/2005,2.49
3/29/2005,2.49
3/30/2005,2.52
3/31/2005,2.56
4/1/2005,2.55
4/2/2005,2.55
4/3/2005,2.55
4/4/2005,2.7
4/5/2005,2.82
4/6/2005,2.81
4/7/2005,2.8
4/8/2005,2.73
4/9/2005,2.73
4/10/2005,2.73
4/11/2005,2.84
4/12/2005,2.91
4/13/2005,2.97
4/14/2005,2.72
4/15/2005,2.91
4/16/2005,2.91
4/17/2005,2.91
4/18/2005,2.97
4/19/2005,2.83
4/20/2005,2.97
4/21/2005,2.68
4/22/2005,2.68
4/23/2005,2.68
4/24/2005,2.68
4/25/2005,2.93
4/26/2005,2.79
4/27/2005,2.79
4/28/2005,2.6
4/29/2005,2.83
4/30/2005,2.83
5/1/2005,2.83
5/2/2005,3.32
5/3/2005,3.33
5/4/2005,3.68
5/5/2005,3.33
5/6/2005,3.27
5/7/2005,3.27
5/8/2005,3.27
5/9/2005,3.22
5/10/2005,3.17
5/11/2005,3.08
5/12/2005,3.23
5/13/2005,3.18
5/14/2005,3.18
5/15/2005,3.18
5/16/2005,3.22
5/17/2005,3.26
5/18/2005,3.43
5/19/2005,3.3
5/20/2005,3.31
5/21/2005,3.31
5/22/2005,3.31
5/23/2005,3.28
5/24/2005,3.44
5/25/2005,3.44
5/26/2005,3.58
5/27/2005,3.53
5/28/2005,3.53
5/29/2005,3.53
5/30/2005,3.42
5/31/2005,3.21
6/1/2005,3.34
6/2/2005,3.29
6/3/2005,3.58
6/4/2005,3.58
6/5/2005,3.58
6/6/2005,3.28
6/7/2005,3.31
6/8/2005,3.44
6/9/2005,3.59
6/10/2005,3.6
6/11/2005,3.6
6/12/2005,3.6
6/13/2005,3.7
6/14/2005,3.9
6/15/2005,4.75
6/16/2005,5.35
6/17/2005,5.81
6/18/2005,5.81
6/19/2005,5.81
6/20/2005,5.81
6/21/2005,6.15
6/22/2005,6.24
6/23/2005,6.19
6/24/2005,6.05
6/25/2005,6.05
6/26/2005,6.05
6/27/2005,5.71
6/28/2005,5.35
6/29/2005,5.2
6/30/2005,5.27
7/1/2005,5.48
7/2/2005,5.48
7/3/2005,5.48
7/4/2005,5.69
7/5/2005,5.76
7/6/2005,5.67
7/7/2005,5.04
7/8/2005,4.28
7/9/2005,4.28
7/10/2005,4.28
7/11/2005,4.4
7/12/2005,4.73
7/13/2005,5.4
7/14/2005,5.7
7/15/2005,6.26
7/16/2005,6.26
7/17/2005,6.26
7/18/2005,6.03
7/19/2005,5.9
7/20/2005,5.33
7/21/2005,4.55
7/22/2005,4.1
7/23/2005,4.1
7/24/2005,4.1
7/25/2005,4.29
7/26/2005,4.16
7/27/2005,4.32
7/28/2005,4.32
7/29/2005,4.24
7/30/2005,4.24
7/31/2005,4.24
8/1/2005,4.29
8/2/2005,4.17
8/3/2005,4.18
8/4/2005,4.65
8/5/2005,4.12
8/6/2005,4.12
8/7/2005,4.12
8/8/2005,4.2
8/9/2005,3.87
8/10/2005,3.9
8/11/2005,3.83
8/12/2005,4.04
8/13/2005,4.04
8/14/2005,4.04
8/15/2005,4.04
8/16/2005,4
8/17/2005,3.92
8/18/2005,3.95
8/19/2005,4.1
8/20/2005,4.1
8/21/2005,4.1
8/22/2005,4.1
8/23/2005,4.18
8/24/2005,4.4
8/25/2005,4.46
8/26/2005,4.85
8/27/2005,4.85
8/28/2005,4.85
8/29/2005,5.19
8/30/2005,5.3
8/31/2005,4.8
9/1/2005,4.45
9/2/2005,4.42
9/3/2005,4.42
9/4/2005,4.42
9/5/2005,4.51
9/6/2005,4.56
9/7/2005,4.74
9/8/2005,4.29
9/9/2005,4.32
9/10/2005,4.32
9/11/2005,4.32
9/12/2005,4.41
9/13/2005,4.54
9/14/2005,4.55
9/15/2005,4.71
9/16/2005,4.89
9/17/2005,4.89
9/18/2005,4.89
9/19/2005,4.97
9/20/2005,5.04
9/21/2005,5.26
9/22/2005,4.38
9/23/2005,4.17
9/24/2005,4.17
9/25/2005,4.17
9/26/2005,4.44
9/27/2005,4.42
9/28/2005,4.53
9/29/2005,4.12
9/30/2005,4.63
10/1/2005,4.63
10/2/2005,4.63
10/3/2005,4.59
10/4/2005,4.55
10/5/2005,4.43
10/6/2005,4.48
10/7/2005,4.51
10/8/2005,4.51
10/9/2005,4.51
10/10/2005,4.51
10/11/2005,4.52
10/12/2005,4.54
10/13/2005,4.51
10/14/2005,4.66
10/15/2005,4.66
10/16/2005,4.66
10/17/2005,4.69
10/18/2005,4.71
10/19/2005,4.61
10/20/2005,4.6
10/21/2005,4.67
10/22/2005,4.67
10/23/2005,4.67
10/24/2005,4.66
10/25/2005,4.72
10/26/2005,4.88
10/27/2005,5.13
10/28/2005,5.08
10/29/2005,5.08
10/30/2005,5.08
10/31/2005,5.19
11/1/2005,5.06
11/2/2005,5.23
11/3/2005,5.38
11/4/2005,5.62
11/5/2005,5.62
11/6/2005,5.62
11/7/2005,5.66
11/8/2005,5.72
11/9/2005,5.71
11/10/2005,5.68
11/11/2005,5.78
11/12/2005,5.78
11/13/2005,5.78
11/14/2005,5.86
11/15/2005,6.16
11/16/2005,7.17
11/17/2005,6.99
11/18/2005,7
11/19/2005,7
11/20/2005,7
11/21/2005,7.14
11/22/2005,7.26
11/23/2005,7.23
11/24/2005,7.25
11/25/2005,7.32
11/26/2005,7.32
11/27/2005,7.32
11/28/2005,7.86
11/29/2005,8.19
11/30/2005,7.93
12/1/2005,7.63
12/2/2005,7.66
12/3/2005,7.66
12/4/2005,7.66
12/5/2005,6.63
12/6/2005,5.97
12/7/2005,5.27
12/8/2005,5.27
12/9/2005,5.07
12/10/2005,5.07
12/11/2005,5.07
12/12/2005,5.19
12/13/2005,5.32
12/14/2005,5.57
12/15/2005,5.89
12/16/2005,6.51
12/17/2005,6.51
12/18/2005,6.51
12/19/2005,6.52
12/20/2005,6.41
12/21/2005,6.56
12/22/2005,6.86
12/23/2005,7.07
12/24/2005,7.07
12/25/2005,7.07
12/26/2005,7.32
12/27/2005,8.24
12/28/2005,8.55
12/29/2005,7.79
12/30/2005,8.39
12/31/2005,8.39
1/1/2006,8.39
1/2/2006,9.07
1/3/2006,9.04
1/4/2006,9.62
1/5/2006,8.82
1/6/2006,7.55
1/7/2006,7.55
1/8/2006,7.55
1/9/2006,6.81
1/10/2006,6.86
1/11/2006,6.96
1/12/2006,7.62
1/13/2006,7.94
1/14/2006,7.94
1/15/2006,7.94
1/16/2006,8.09
1/17/2006,9.07
1/18/2006,8.88
1/19/2006,7.14
1/20/2006,5.94
1/21/2006,5.94
1/22/2006,5.94
1/23/2006,5.92
1/24/2006,5.74
1/25/2006,5.82
1/26/2006,5.66
1/27/2006,5.68
1/28/2006,5.68
1/29/2006,5.68
1/30/2006,5.71
1/31/2006,5.56
2/1/2006,5.53
2/2/2006,5.28
2/3/2006,5.28
2/4/2006,5.28
2/5/2006,5.28
2/6/2006,5.09
2/7/2006,4.79
2/8/2006,4.77
2/9/2006,4.71
2/10/2006,4.92
2/11/2006,4.92
2/12/2006,4.92
2/13/2006,4.69
2/14/2006,4.78
2/15/2006,5.16
2/16/2006,6.09
2/17/2006,5.4
2/18/2006,5.4
2/19/2006,5.4
2/20/2006,4.98
2/21/2006,5.41
2/22/2006,5.59
2/23/2006,6.01
2/24/2006,5.97
2/25/2006,5.97
2/26/2006,5.97
2/27/2006,6.16
2/28/2006,6.41
3/1/2006,8.58
3/2/2006,10.22
3/3/2006,10.1
3/4/2006,10.1
3/5/2006,10.1
3/6/2006,8.68
3/7/2006,8.07
3/8/2006,8.7
3/9/2006,8.61
3/10/2006,8.65
3/11/2006,8.65
3/12/2006,8.65
3/13/2006,8.88
3/14/2006,9.43
3/15/2006,10.02
3/16/2006,9.67
3/17/2006,8.69
3/18/2006,8.69
3/19/2006,8.69
3/20/2006,7.53
3/21/2006,6.72
3/22/2006,6.73
3/23/2006,6.78
3/24/2006,6.78
3/25/2006,6.78
3/26/2006,6.78
3/27/2006,6.78
3/28/2006,6.75
3/29/2006,6.58
3/30/2006,5.42
3/31/2006,8.99
4/1/2006,8.99
4/2/2006,8.99
4/3/2006,9.01
4/4/2006,8.26
4/5/2006,8.31
4/6/2006,8.28
4/7/2006,8.26
4/8/2006,8.26
4/9/2006,8.26
4/10/2006,8.21
4/11/2006,9.02
4/12/2006,10.9
4/13/2006,10.9
4/14/2006,10.9
4/15/2006,10.9
4/16/2006,10.9
4/17/2006,9.33
4/18/2006,8.25
4/19/2006,7.44
4/20/2006,5.63
4/21/2006,4.92
4/22/2006,4.92
4/23/2006,4.92
4/24/2006,4.97
4/25/2006,5.09
4/26/2006,5.65
4/27/2006,6.15
4/28/2006,5.62
4/29/2006,5.62
4/30/2006,5.62
5/1/2006,5.62
5/2/2006,7.39
5/3/2006,8.77
5/4/2006,7.49
5/5/2006,6.08
5/6/2006,6.08
5/7/2006,6.08
5/8/2006,5.37
5/9/2006,5.11
5/10/2006,5.32
5/11/2006,5.06
5/12/2006,5.99
5/13/2006,5.99
5/14/2006,5.99
5/15/2006,7.57
5/16/2006,7.15
5/17/2006,6.54
5/18/2006,5.57
5/19/2006,5.29
5/20/2006,5.29
5/21/2006,5.29
5/22/2006,5.66
5/23/2006,5.51
5/24/2006,5.37
5/25/2006,5.37
5/26/2006,5.56
5/27/2006,5.56
5/28/2006,5.56
5/29/2006,5.32
5/30/2006,5.4
5/31/2006,5.28
6/1/2006,6.34
6/2/2006,6.3
6/3/2006,6.3
6/4/2006,6.3
6/5/2006,6.16
6/6/2006,6.25
6/7/2006,5.73
6/8/2006,5.57
6/9/2006,5.41
6/10/2006,5.41
6/11/2006,5.41
6/12/2006,5.58
6/13/2006,5.61
6/14/2006,5.74
6/15/2006,6.83
6/16/2006,9.21
6/17/2006,9.21
6/18/2006,9.21
6/19/2006,9.21
6/20/2006,7.53
6/21/2006,7.44
6/22/2006,7.72
6/23/2006,8.62
6/24/2006,8.62
6/25/2006,8.62
6/26/2006,8.18
6/27/2006,8.33
6/28/2006,8.73
6/29/2006,8.86
6/30/2006,8.21
7/1/2006,8.21
7/2/2006,8.21
7/3/2006,7.94
7/4/2006,8.14
7/5/2006,8.38
7/6/2006,8.69
7/7/2006,7.34
7/8/2006,7.34
7/9/2006,7.34
7/10/2006,6.32
7/11/2006,5.91
7/12/2006,6.62
7/13/2006,6.92
7/14/2006,7
7/15/2006,7
7/16/2006,7
7/17/2006,7.33
7/18/2006,7.57
7/19/2006,8.45
7/20/2006,8.06
7/21/2006,7.8
7/22/2006,7.8
7/23/2006,7.8
7/24/2006,7.93
7/25/2006,8.28
7/26/2006,8.64
7/27/2006,8.63
7/28/2006,8.15
7/29/2006,8.15
7/30/2006,8.15
7/31/2006,7.95
8/1/2006,9.03
8/2/2006,9.02
8/3/2006,9.17
8/4/2006,8.66
8/5/2006,8.66
8/6/2006,8.66
8/7/2006,8.01
8/8/2006,7.66
8/9/2006,7.64
8/10/2006,7.78
8/11/2006,7.31
8/12/2006,7.31
8/13/2006,7.31
8/14/2006,7.06
8/15/2006,6.44
8/16/2006,6.82
8/17/2006,6.41
8/18/2006,5.86
8/19/2006,5.86
8/20/2006,5.86
8/21/2006,5.86
8/22/2006,5.87
8/23/2006,6.06
8/24/2006,5.64
8/25/2006,5.75
8/26/2006,5.75
8/27/2006,5.75
8/28/2006,5.54
8/29/2006,5.68
8/30/2006,5.73
8/31/2006,5.83
9/1/2006,7.35
9/2/2006,7.35
9/3/2006,7.35
9/4/2006,6.83
9/5/2006,6.42
9/6/2006,6.08
9/7/2006,6.19
9/8/2006,6.42
9/9/2006,6.42
9/10/2006,6.42
9/11/2006,6.62
9/12/2006,7
9/13/2006,7.58
9/14/2006,8.29
9/15/2006,8.74
9/16/2006,8.74
9/17/2006,8.74
9/18/2006,7.36
9/19/2006,7.82
9/20/2006,7.59
9/21/2006,7.56
9/22/2006,7.71
9/23/2006,7.71
9/24/2006,7.71
9/25/2006,8.8
9/26/2006,8.81
9/27/2006,8.83
9/28/2006,8.5
9/29/2006,8.39
9/30/2006,8.39
10/1/2006,8.39
10/2/2006,7.58
10/3/2006,7.53
10/4/2006,7.27
10/5/2006,6.99
10/6/2006,6.62
10/7/2006,6.62
10/8/2006,6.62
10/9/2006,6.55
10/10/2006,6.35
10/11/2006,6.65
10/12/2006,6.89
10/13/2006,6.59
10/14/2006,6.59
10/15/2006,6.59
10/16/2006,6.59
10/17/2006,6.6
10/18/2006,6.61
10/19/2006,6.5
10/20/2006,6.73
10/21/2006,6.73
10/22/2006,6.73
10/23/2006,6.72
10/24/2006,6.57
10/25/2006,6.71
10/26/2006,6.81
10/27/2006,6.64
10/28/2006,6.64
10/29/2006,6.64
10/30/2006,6.76
10/31/2006,6.69
11/1/2006,6.88
11/2/2006,7.13
11/3/2006,7.48
11/4/2006,7.48
11/5/2006,7.48
11/6/2006,7.48
11/7/2006,8.12
11/8/2006,8.39
11/9/2006,8.41
11/10/2006,8.45
11/11/2006,8.45
11/12/2006,8.45
11/13/2006,8.16
11/14/2006,8.34
11/15/2006,8.39
11/16/2006,8.32
11/17/2006,8.15
11/18/2006,8.15
11/19/2006,8.15
11/20/2006,7.8
11/21/2006,7.73
11/22/2006,7.66
11/23/2006,7.68
11/24/2006,7.98
11/25/2006,7.98
11/26/2006,7.98
11/27/2006,8.39
11/28/2006,9.08
11/29/2006,9.23
11/30/2006,7.5
12/1/2006,8.1
12/2/2006,8.1
12/3/2006,8.1
12/4/2006,8.24
12/5/2006,8.48
12/6/2006,8.45
12/7/2006,8.27
12/8/2006,8.27
12/9/2006,8.27
12/10/2006,8.27
12/11/2006,8.43
12/12/2006,8.25
12/13/2006,8.17
12/14/2006,8.14
12/15/2006,8.44
12/16/2006,8.44
12/17/2006,8.44
12/18/2006,8.36
12/19/2006,7.97
12/20/2006,7.13
12/21/2006,7.3
12/22/2006,7.72
12/23/2006,7.72
12/24/2006,7.72
12/25/2006,7.72
12/26/2006,7.33
12/27/2006,7.68
12/28/2006,9.5
12/29/2006,8.77
12/30/2006,8.77
12/31/2006,8.77
1/1/2007,8.77
1/2/2007,8.22
1/3/2007,7.52
1/4/2007,6.84
1/5/2007,6.68
1/6/2007,6.68
1/7/2007,6.68
1/8/2007,6.54
1/9/2007,6.61
1/10/2007,6.67
1/11/2007,6.45
1/12/2007,6.65
1/13/2007,6.65
1/14/2007,6.65
1/15/2007,6.6
1/16/2007,6.67
1/17/2007,7.44
1/18/2007,7.2
1/19/2007,6.83
1/20/2007,6.83
1/21/2007,6.83
1/22/2007,6.66
1/23/2007,6.71
1/24/2007,6.6
1/25/2007,6.82
1/26/2007,6.86
1/27/2007,6.86
1/28/2007,6.86
1/29/2007,7.07
1/30/2007,7.14
1/31/2007,7.02
2/1/2007,6.87
2/2/2007,6.78
2/3/2007,6.78
2/4/2007,6.78
2/5/2007,6.73
2/6/2007,6.59
2/7/2007,6.47
2/8/2007,6.38
2/9/2007,6.64
2/10/2007,6.64
2/11/2007,6.64
2/12/2007,6.71
2/13/2007,6.85
2/14/2007,6.73
2/15/2007,6.8
2/16/2007,6.68
2/17/2007,6.68
2/18/2007,6.68
2/19/2007,6.8
2/20/2007,6.83
2/21/2007,6.91
2/22/2007,6.91
2/23/2007,6.9
2/24/2007,6.9
2/25/2007,6.9
2/26/2007,6.93
2/27/2007,6.97
2/28/2007,7.18
3/1/2007,8.77
3/2/2007,8.88
3/3/2007,8.88
3/4/2007,8.88
3/5/2007,8.13
3/6/2007,8.2
3/7/2007,8.15
3/8/2007,7.86
3/9/2007,7.91
3/10/2007,7.91
3/11/2007,7.91
3/12/2007,7.78
3/13/2007,7.78
3/14/2007,7.93
3/15/2007,7.92
3/16/2007,7.88
3/17/2007,7.88
3/18/2007,7.88
3/19/2007,7.6
3/20/2007,7.12
3/21/2007,7.21
3/22/2007,7.12
3/23/2007,7.07
3/24/2007,7.07
3/25/2007,7.07
3/26/2007,7.18
3/27/2007,7.2
3/28/2007,7.2
3/29/2007,7.23
3/30/2007,7.45
3/31/2007,7.45
4/1/2007,7.45
4/2/2007,7.45
4/3/2007,7.61
4/4/2007,7.85
4/5/2007,7.85
4/6/2007,7.85
4/7/2007,7.85
4/8/2007,7.85
4/9/2007,7.67
4/10/2007,7.17
4/11/2007,7.12
4/12/2007,7.06
4/13/2007,7
4/14/2007,7
4/15/2007,7
4/16/2007,7.04
4/17/2007,7.06
4/18/2007,7.12
4/19/2007,6.93
4/20/2007,7.18
4/21/2007,7.18
4/22/2007,7.18
4/23/2007,7.13
4/24/2007,6.96
4/25/2007,6.99
4/26/2007,7.08
4/27/2007,7.12
4/28/2007,7.12
4/29/2007,7.12
4/30/2007,7.19
5/1/2007,7.19
5/2/2007,7.47
5/3/2007,7.69
5/4/2007,7.63
5/5/2007,7.63
5/6/2007,7.63
5/7/2007,7.61
5/8/2007,7.51
5/9/2007,7.64
5/10/2007,7.51
5/11/2007,7.46
5/12/2007,7.46
5/13/2007,7.46
5/14/2007,7.65
5/15/2007,7.9
5/16/2007,7.91
5/17/2007,7.7
5/18/2007,7.73
5/19/2007,7.73
5/20/2007,7.73
5/21/2007,7.71
5/22/2007,7.7
5/23/2007,7.8
5/24/2007,7.78
5/25/2007,7.78
5/26/2007,7.78
5/27/2007,7.78
5/28/2007,7.85
5/29/2007,7.58
5/30/2007,7.57
5/31/2007,7.54
6/1/2007,7.7
6/2/2007,7.7
6/3/2007,7.7
6/4/2007,7.66
6/5/2007,7.75
6/6/2007,7.77
6/7/2007,7.72
6/8/2007,7.75
6/9/2007,7.75
6/10/2007,7.75
6/11/2007,7.77
6/12/2007,7.73
6/13/2007,7.88
6/14/2007,8.3
6/15/2007,8.41
6/16/2007,8.41
6/17/2007,8.41
6/18/2007,8.41
6/19/2007,8.47
6/20/2007,8.39
6/21/2007,8.2
6/22/2007,8.17
6/23/2007,8.17
6/24/2007,8.17
6/25/2007,8.01
6/26/2007,7.81
6/27/2007,7.78
6/28/2007,7.74
6/29/2007,7.87
6/30/2007,7.87
7/1/2007,7.87
7/2/2007,7.79
7/3/2007,8.02
7/4/2007,8.05
7/5/2007,8.09
7/6/2007,8.04
7/7/2007,8.04
7/8/2007,8.04
7/9/2007,8.04
7/10/2007,8.08
7/11/2007,8.15
7/12/2007,8.29
7/13/2007,8.51
7/14/2007,8.51
7/15/2007,8.51
7/16/2007,8.68
7/17/2007,8.8
7/18/2007,8.92
7/19/2007,9.15
7/20/2007,9.54
7/21/2007,9.54
7/22/2007,9.54
7/23/2007,9.67
7/24/2007,9.99
7/25/2007,11.4
7/26/2007,15.76
7/27/2007,20.31
7/28/2007,20.31
7/29/2007,20.31
7/30/2007,13.67
7/31/2007,12.74
8/1/2007,12.38
8/2/2007,12.3
8/3/2007,13.38
8/4/2007,13.38
8/5/2007,13.38
8/6/2007,13.21
8/7/2007,13.13
8/8/2007,10.96
8/9/2007,8.69
8/10/2007,8.58
8/11/2007,8.58
8/12/2007,8.58
8/13/2007,8.17
8/14/2007,8.14
8/15/2007,8.91
8/16/2007,13.05
8/17/2007,11.78
8/18/2007,11.78
8/19/2007,11.78
8/20/2007,11.78
8/21/2007,10.45
8/22/2007,9.55
8/23/2007,9.17
8/24/2007,9.74
8/25/2007,9.74
8/26/2007,9.74
8/27/2007,9.91
8/28/2007,10.42
8/29/2007,10.59
8/30/2007,10.3
8/31/2007,10.79
9/1/2007,10.79
9/2/2007,10.79
9/3/2007,13.1
9/4/2007,12.71
9/5/2007,12.85
9/6/2007,12.89
9/7/2007,12.82
9/8/2007,12.82
9/9/2007,12.82
9/10/2007,13.16
9/11/2007,13.38
9/12/2007,13.75
9/13/2007,13.51
9/14/2007,13.32
9/15/2007,13.32
9/16/2007,13.32
9/17/2007,11.35
9/18/2007,10.27
9/19/2007,8.9
9/20/2007,7.97
9/21/2007,8.4
9/22/2007,8.4
9/23/2007,8.4
9/24/2007,8.27
9/25/2007,8.45
9/26/2007,8.31
9/27/2007,8.44
9/28/2007,8.47
9/29/2007,8.47
9/30/2007,8.47
10/1/2007,8.97
10/2/2007,9.03
10/3/2007,9.43
10/4/2007,8.92
10/5/2007,9.12
10/6/2007,9.12
10/7/2007,9.12
10/8/2007,9.26
10/9/2007,9
10/10/2007,8.98
10/11/2007,9.06
10/12/2007,9.22
10/13/2007,9.22
10/14/2007,9.22
10/15/2007,9.22
10/16/2007,9.16
10/17/2007,9.15
10/18/2007,9.05
10/19/2007,9.22
10/20/2007,9.22
10/21/2007,9.22
10/22/2007,9.08
10/23/2007,9.01
10/24/2007,8.69
10/25/2007,8.54
10/26/2007,8.68
10/27/2007,8.68
10/28/2007,8.68
10/29/2007,8.55
10/30/2007,9.04
10/31/2007,8.7
11/1/2007,9.63
11/2/2007,10.6
11/3/2007,10.6
11/4/2007,10.6
11/5/2007,11.08
11/6/2007,11.08
11/7/2007,12.06
11/8/2007,12.21
11/9/2007,12.08
11/10/2007,12.08
11/11/2007,12.08
11/12/2007,11
11/13/2007,10.75
11/14/2007,11
11/15/2007,11.59
11/16/2007,11.01
11/17/2007,11.01
11/18/2007,11.01
11/19/2007,10.01
11/20/2007,9.1
11/21/2007,9.24
11/22/2007,9.04
11/23/2007,8.97
11/24/2007,8.97
11/25/2007,8.97
11/26/2007,8.76
11/27/2007,8.42
11/28/2007,8.27
11/29/2007,8.45
11/30/2007,8.74
12/1/2007,8.74
12/2/2007,8.74
12/3/2007,9.81
12/4/2007,9.54
12/5/2007,9.35
12/6/2007,9.28
12/7/2007,9.52
12/8/2007,9.52
12/9/2007,9.52
12/10/2007,9.51
12/11/2007,9.35
12/12/2007,9.13
12/13/2007,9.16
12/14/2007,9.11
12/15/2007,9.11
12/16/2007,9.11
12/17/2007,9.06
12/18/2007,8.95
12/19/2007,9.13
12/20/2007,8.98
12/21/2007,8.81
12/22/2007,8.81
12/23/2007,8.81
12/24/2007,8.81
12/25/2007,8.81
12/26/2007,9.18
12/27/2007,9.32
12/28/2007,10.85
12/29/2007,10.85
12/30/2007,10.85
12/31/2007,10.85
1/1/2008,10.85
1/2/2008,10.19
1/3/2008,8.79
1/4/2008,8.56
1/5/2008,8.56
1/6/2008,8.56
1/7/2008,8.44
1/8/2008,8.14
1/9/2008,8.56
1/10/2008,8.33
1/11/2008,8.12
1/12/2008,8.12
1/13/2008,8.12
1/14/2008,8.18
1/15/2008,8.06
1/16/2008,8.11
1/17/2008,8.04
1/18/2008,8.15
1/19/2008,8.15
1/20/2008,8.15
1/21/2008,8.29
1/22/2008,8.07
1/23/2008,8.17
1/24/2008,8.07
1/25/2008,8.12
1/26/2008,8.12
1/27/2008,8.12
1/28/2008,7.96
1/29/2008,7.84
1/30/2008,7.8
1/31/2008,8.31
2/1/2008,7.82
2/2/2008,7.82
2/3/2008,7.82
2/4/2008,7.13
2/5/2008,6.31
2/6/2008,6.25
2/7/2008,6.33
2/8/2008,7.09
2/9/2008,7.09
2/10/2008,7.09
2/11/2008,7.49
2/12/2008,7.56
2/13/2008,7.74
2/14/2008,7.8
2/15/2008,7.62
2/16/2008,7.62
2/17/2008,7.62
2/18/2008,7.71
2/19/2008,7.8
2/20/2008,7.79
2/21/2008,7.69
2/22/2008,7.85
2/23/2008,7.85
2/24/2008,7.85
2/25/2008,7.88
2/26/2008,7.68
2/27/2008,7.57
2/28/2008,7.8
2/29/2008,8.23
3/1/2008,8.23
3/2/2008,8.23
3/3/2008,8.14
3/4/2008,8.01
3/5/2008,7.9
3/6/2008,7.98
3/7/2008,7.98
3/8/2008,7.98
3/9/2008,7.98
3/10/2008,8
3/11/2008,8.05
3/12/2008,8.03
3/13/2008,7.92
3/14/2008,7.99
3/15/2008,7.99
3/16/2008,7.99
3/17/2008,8.14
3/18/2008,7.85
3/19/2008,7.88
3/20/2008,7.88
3/21/2008,7.88
3/22/2008,7.88
3/23/2008,7.88
3/24/2008,7.88
3/25/2008,8.31
3/26/2008,8.61
3/27/2008,7.76
3/28/2008,7.79
3/29/2008,7.79
3/30/2008,7.79
3/31/2008,8
4/1/2008,7.97
4/2/2008,7.97
4/3/2008,8.29
4/4/2008,8.19
4/5/2008,8.19
4/6/2008,8.19
4/7/2008,7.99
4/8/2008,7.79
4/9/2008,7.96
4/10/2008,7.97
4/11/2008,8.28
4/12/2008,8.28
4/13/2008,8.28
4/14/2008,7.9
4/15/2008,8.01
4/16/2008,8
4/17/2008,8.03
4/18/2008,7.86
4/19/2008,7.86
4/20/2008,7.86
4/21/2008,7.92
4/22/2008,7.98
4/23/2008,7.93
4/24/2008,8.11
4/25/2008,8.27
4/26/2008,8.27
4/27/2008,8.27
4/28/2008,8.27
4/29/2008,8.31
4/30/2008,8.35
5/1/2008,8.35
5/2/2008,8.58
5/3/2008,8.58
5/4/2008,8.58
5/5/2008,9.05
5/6/2008,8.73
5/7/2008,8.79
5/8/2008,9.13
5/9/2008,8.96
5/10/2008,8.96
5/11/2008,8.96
5/12/2008,10.08
5/13/2008,10.81
5/14/2008,12.69
5/15/2008,12.73
5/16/2008,12.63
5/17/2008,12.63
5/18/2008,12.63
5/19/2008,11.43
5/20/2008,10.16
5/21/2008,9.72
5/22/2008,9.59
5/23/2008,9.78
5/24/2008,9.78
5/25/2008,9.78
5/26/2008,9.77
5/27/2008,9.65
5/28/2008,9.83
5/29/2008,9.88
5/30/2008,10.37
5/31/2008,10.37
6/1/2008,10.37
6/2/2008,10.68
6/3/2008,12.1
6/4/2008,11.97
6/5/2008,10.68
6/6/2008,10.76
6/7/2008,10.76
6/8/2008,10.76
6/9/2008,10.69
6/10/2008,10.31
6/11/2008,10.65
6/12/2008,10.53
6/13/2008,9.66
6/14/2008,9.66
6/15/2008,9.66
6/16/2008,9.66
6/17/2008,11.71
6/18/2008,11.14
6/19/2008,10.06
6/20/2008,9.7
6/21/2008,9.7
6/22/2008,9.7
6/23/2008,9.55
6/24/2008,10.09
6/25/2008,9.7
6/26/2008,10.52
6/27/2008,10.42
6/28/2008,10.42
6/29/2008,10.42
6/30/2008,9.34
7/1/2008,10.09
7/2/2008,10.86
7/3/2008,10.67
7/4/2008,9.84
7/5/2008,9.84
7/6/2008,9.84
7/7/2008,10.51
7/8/2008,9.87
7/9/2008,9.87
7/10/2008,10.59
7/11/2008,10.14
7/12/2008,10.14
7/13/2008,10.14
7/14/2008,10.24
7/15/2008,10.21
7/16/2008,9.62
7/17/2008,9.94
7/18/2008,9.02
7/19/2008,9.02
7/20/2008,9.02
7/21/2008,9.72
7/22/2008,9.18
7/23/2008,9.2
7/24/2008,8.78
7/25/2008,9.05
7/26/2008,9.05
7/27/2008,9.05
7/28/2008,9.26
7/29/2008,9.48
7/30/2008,9.15
7/31/2008,9.85
8/1/2008,9.24
8/2/2008,9.24
8/3/2008,9.24
8/4/2008,9.96
8/5/2008,8.77
8/6/2008,9.7
8/7/2008,8.89
8/8/2008,8.71
8/9/2008,8.71
8/10/2008,8.71
8/11/2008,8.81
8/12/2008,9.1
8/13/2008,9.67
8/14/2008,9.17
8/15/2008,9.19
8/16/2008,9.19
8/17/2008,9.19
8/18/2008,9.19
8/19/2008,9
8/20/2008,10.36
8/21/2008,9.06
8/22/2008,9.28
8/23/2008,9.28
8/24/2008,9.28
8/25/2008,9.46
8/26/2008,9.02
8/27/2008,9.1
8/28/2008,9.23
8/29/2008,8.86
8/30/2008,8.86
8/31/2008,8.86
9/1/2008,9.38
9/2/2008,9.57
9/3/2008,9.43
9/4/2008,8.93
9/5/2008,9.15
9/6/2008,9.15
9/7/2008,9.15
9/8/2008,9.23
9/9/2008,9.23
9/10/2008,9.35
9/11/2008,9.22
9/12/2008,9.31
9/13/2008,9.31
9/14/2008,9.31
9/15/2008,9.11
9/16/2008,9.85
9/17/2008,9.51
9/18/2008,9.1
9/19/2008,9.42
9/20/2008,9.42
9/21/2008,9.42
9/22/2008,10.06
9/23/2008,9.73
9/24/2008,9.92
9/25/2008,9.93
9/26/2008,9.93
9/27/2008,9.93
9/28/2008,9.93
9/29/2008,10.28
9/30/2008,10.05
10/1/2008,10.73
10/2/2008,10.56
10/3/2008,10.96
10/4/2008,10.96
10/5/2008,10.96
10/6/2008,11.4
10/7/2008,11.58
10/8/2008,13.41
10/9/2008,12.99
10/10/2008,13.85
10/11/2008,13.85
10/12/2008,13.85
10/13/2008,13.85
10/14/2008,15.7
10/15/2008,15.64
10/16/2008,16.5
10/17/2008,14.97
10/18/2008,14.97
10/19/2008,14.97
10/20/2008,13.68
10/21/2008,13.75
10/22/2008,14.41
10/23/2008,12.53
10/24/2008,15.25
10/25/2008,15.25
10/26/2008,15.25
10/27/2008,14.16
10/28/2008,12.94
10/29/2008,13.65
10/30/2008,12.85
10/31/2008,15.92
11/1/2008,15.92
11/2/2008,15.92
11/3/2008,17.52
11/4/2008,17.2
11/5/2008,19.15
11/6/2008,19.15
11/7/2008,17.57
11/8/2008,17.57
11/9/2008,17.57
11/10/2008,17.37
11/11/2008,17.61
11/12/2008,17.29
11/13/2008,14.17
11/14/2008,14.14
11/15/2008,14.14
11/16/2008,14.14
11/17/2008,14.97
11/18/2008,13.97
11/19/2008,14.96
11/20/2008,13.4
11/21/2008,14.62
11/22/2008,14.62
11/23/2008,14.62
11/24/2008,15.18
11/25/2008,13.03
11/26/2008,13.93
11/27/2008,12.54
11/28/2008,14.52
11/29/2008,14.52
11/30/2008,14.52
12/1/2008,14.68
12/2/2008,13.56
12/3/2008,15.54
12/4/2008,14.7
12/5/2008,16.04
12/6/2008,16.04
12/7/2008,16.04
12/8/2008,16.04
12/9/2008,15.82
12/10/2008,16.38
12/11/2008,15.16
12/12/2008,15.16
12/13/2008,15.16
12/14/2008,15.16
12/15/2008,14.3
12/16/2008,14.14
12/17/2008,14.08
12/18/2008,12.4
12/19/2008,13.46
12/20/2008,13.46
12/21/2008,13.46
12/22/2008,12.7
12/23/2008,14.14
12/24/2008,17.25
12/25/2008,17.25
12/26/2008,14.01
12/27/2008,14.01
12/28/2008,14.01
12/29/2008,14.25
12/30/2008,14.46
12/31/2008,12.23
1/1/2009,12.23
1/2/2009,14.3
1/3/2009,14.3
1/4/2009,14.3
1/5/2009,13.35
1/6/2009,12.7
1/7/2009,12.36
1/8/2009,11.97
1/9/2009,14.27
1/10/2009,14.27
1/11/2009,14.27
1/12/2009,15
1/13/2009,13.52
1/14/2009,12.3
1/15/2009,11.19
1/16/2009,11.98
1/17/2009,11.98
1/18/2009,11.98
1/19/2009,13.64
1/20/2009,11.33
1/21/2009,12.45
1/22/2009,11.94
1/23/2009,11.67
1/24/2009,11.67
1/25/2009,11.67
1/26/2009,12.69
1/27/2009,11.67
1/28/2009,12.42
1/29/2009,11.86
1/30/2009,12.11
1/31/2009,12.11
2/1/2009,12.11
2/2/2009,12.04
2/3/2009,11.81
2/4/2009,11.7
2/5/2009,11.24
2/6/2009,12.38
2/7/2009,12.38
2/8/2009,12.38
2/9/2009,12.83
2/10/2009,10.63
2/11/2009,11.47
2/12/2009,11.22
2/13/2009,11.79
2/14/2009,11.79
2/15/2009,11.79
2/16/2009,12.57
2/17/2009,10.44
2/18/2009,11.86
2/19/2009,10.63
2/20/2009,11.35
2/21/2009,11.35
2/22/2009,11.35
2/23/2009,10.57
2/24/2009,11
2/25/2009,10.53
2/26/2009,10.33
2/27/2009,10.83
2/28/2009,10.83
3/1/2009,10.83
3/2/2009,12.09
3/3/2009,11.43
3/4/2009,10.99
3/5/2009,10.83
3/6/2009,12.07
3/7/2009,12.07
3/8/2009,12.07
3/9/2009,11.65
3/10/2009,10.81
3/11/2009,11
3/12/2009,10.25
3/13/2009,10.85
3/14/2009,10.85
3/15/2009,10.85
3/16/2009,11.28
3/17/2009,10.68
3/18/2009,11.07
3/19/2009,10.47
3/20/2009,10.74
3/21/2009,10.74
3/22/2009,10.74
3/23/2009,11.36
3/24/2009,11.36
3/25/2009,11.39
3/26/2009,11.06
3/27/2009,11.37
3/28/2009,11.37
3/29/2009,11.37
3/30/2009,11.44
3/31/2009,11.4
4/1/2009,11.44
4/2/2009,11.44
4/3/2009,12.28
4/4/2009,12.28
4/5/2009,12.28
4/6/2009,11.48
4/7/2009,10.94
4/8/2009,11.59
4/9/2009,11.59
4/10/2009,11.59
4/11/2009,11.59
4/12/2009,11.59
4/13/2009,12.14
4/14/2009,10.93
4/15/2009,11.28
4/16/2009,11.56
4/17/2009,11.36
4/18/2009,11.36
4/19/2009,11.36
4/20/2009,11.38
4/21/2009,10.79
4/22/2009,11.02
4/23/2009,11.32
4/24/2009,10.9
4/25/2009,10.9
4/26/2009,10.9
4/27/2009,11.7
4/28/2009,11.76
4/29/2009,11.11
4/30/2009,11.97
5/1/2009,11.97
5/2/2009,11.97
5/3/2009,11.97
5/4/2009,11.6
5/5/2009,10.9
5/6/2009,11.24
5/7/2009,11.21
5/8/2009,11.26
5/9/2009,11.26
5/10/2009,11.26
5/11/2009,11.05
5/12/2009,10.99
5/13/2009,11.47
5/14/2009,10.91
5/15/2009,10.92
5/16/2009,10.92
5/17/2009,10.92
5/18/2009,11.43
5/19/2009,11.24
5/20/2009,10.97
5/21/2009,10.91
5/22/2009,11.15
5/23/2009,11.15
5/24/2009,11.15
5/25/2009,11.15
5/26/2009,11.52
5/27/2009,11.38
5/28/2009,10.88
5/29/2009,12.08
5/30/2009,12.08
5/31/2009,12.08
6/1/2009,11.63
6/2/2009,10.93
6/3/2009,10.65
6/4/2009,10.54
6/5/2009,11.43
6/6/2009,11.43
6/7/2009,11.43
6/8/2009,10.55
6/9/2009,10.47
6/10/2009,10.98
6/11/2009,10.68
6/12/2009,10.99
6/13/2009,10.99
6/14/2009,10.99
6/15/2009,10.99
6/16/2009,11.1
6/17/2009,11.58
6/18/2009,10.58
6/19/2009,11.04
6/20/2009,11.04
6/21/2009,11.04
6/22/2009,11.03
6/23/2009,10.52
6/24/2009,10.73
6/25/2009,10.56
6/26/2009,11.38
6/27/2009,11.38
6/28/2009,11.38
6/29/2009,10.5
6/30/2009,11.16
7/1/2009,11.7
7/2/2009,10.59
7/3/2009,10.64
7/4/2009,10.64
7/5/2009,10.64
7/6/2009,10.63
7/7/2009,10.57
7/8/2009,11.12
7/9/2009,11.12
7/10/2009,11.12
7/11/2009,11.12
7/12/2009,11.12
7/13/2009,10.46
7/14/2009,10.41
7/15/2009,10.9
7/16/2009,10.71
7/17/2009,10.51
7/18/2009,10.51
7/19/2009,10.51
7/20/2009,10.6
7/21/2009,10.31
7/22/2009,10.8
7/23/2009,10.6
7/24/2009,10.5
7/25/2009,10.5
7/26/2009,10.5
7/27/2009,10.36
7/28/2009,10.38
7/29/2009,10.78
7/30/2009,10.37
7/31/2009,10.12
8/1/2009,10.12
8/2/2009,10.12
8/3/2009,10.15
8/4/2009,10.42
8/5/2009,10.78
8/6/2009,9.98
8/7/2009,10.5
8/8/2009,10.5
8/9/2009,10.5
8/10/2009,10.1
8/11/2009,9.65
8/12/2009,10.27
8/13/2009,9.34
8/14/2009,9.85
8/15/2009,9.85
8/16/2009,9.85
8/17/2009,9.85
8/18/2009,9.53
8/19/2009,10.04
8/20/2009,9.33
8/21/2009,10.01
8/22/2009,10.01
8/23/2009,10.01
8/24/2009,9.89
8/25/2009,9.86
8/26/2009,9.89
8/27/2009,9.39
8/28/2009,9.55
8/29/2009,9.55
8/30/2009,9.55
8/31/2009,9.83
9/1/2009,9.46
9/2/2009,10.07
9/3/2009,9.27
9/4/2009,9.68
9/5/2009,9.68
9/6/2009,9.68
9/7/2009,9.66
9/8/2009,9.79
9/9/2009,9.32
9/10/2009,9.51
9/11/2009,9.5
9/12/2009,9.5
9/13/2009,9.5
9/14/2009,9.72
9/15/2009,9.34
9/16/2009,9.41
9/17/2009,9.49
9/18/2009,9.39
9/19/2009,9.39
9/20/2009,9.39
9/21/2009,9.71
9/22/2009,9.01
9/23/2009,8.98
9/24/2009,9.61
9/25/2009,9.22
9/26/2009,9.22
9/27/2009,9.22
9/28/2009,9.46
9/29/2009,9.46
9/30/2009,9.6
10/1/2009,9.56
10/2/2009,9.32
10/3/2009,9.32
10/4/2009,9.32
10/5/2009,9.13
10/6/2009,9.49
10/7/2009,9.34
10/8/2009,9.23
10/9/2009,9.47
10/10/2009,9.47
10/11/2009,9.47
10/12/2009,9.47
10/13/2009,9.72
10/14/2009,9.57
10/15/2009,9.22
10/16/2009,9.29
10/17/2009,9.29
10/18/2009,9.29
10/19/2009,9.38
10/20/2009,9.23
10/21/2009,9.03
10/22/2009,8.75
10/23/2009,8.86
10/24/2009,8.86
10/25/2009,8.86
10/26/2009,9.29
10/27/2009,9.21
10/28/2009,9.15
10/29/2009,8.92
10/30/2009,9.49
10/31/2009,9.49
11/1/2009,9.49
11/2/2009,8.99
11/3/2009,8.99
11/4/2009,8.98
11/5/2009,9.12
11/6/2009,9.12
11/7/2009,9.12
11/8/2009,9.12
11/9/2009,9.2
11/10/2009,9.07
11/11/2009,8.95
11/12/2009,8.9
11/13/2009,8.81
11/14/2009,8.81
11/15/2009,8.81
11/16/2009,9.1
11/17/2009,8.91
11/18/2009,9.01
11/19/2009,8.93
11/20/2009,8.87
11/21/2009,8.87
11/22/2009,8.87
11/23/2009,9.06
11/24/2009,8.9
11/25/2009,8.92
11/26/2009,8.82
11/27/2009,9.08
11/28/2009,9.08
11/29/2009,9.08
11/30/2009,9.48
12/1/2009,8.98
12/2/2009,9.17
12/3/2009,9
12/4/2009,8.93
12/5/2009,8.93
12/6/2009,8.93
12/7/2009,8.96
12/8/2009,8.96
12/9/2009,9.08
12/10/2009,8.77
12/11/2009,8.78
12/12/2009,8.78
12/13/2009,8.78
12/14/2009,9.05
12/15/2009,8.79
12/16/2009,8.93
12/17/2009,9.07
12/18/2009,8.99
12/19/2009,8.99
12/20/2009,8.99
12/21/2009,9.26
12/22/2009,9.1
12/23/2009,9.4
12/24/2009,8.99
12/25/2009,8.99
12/26/2009,8.99
12/27/2009,8.99
12/28/2009,9.56
12/29/2009,9.39
12/30/2009,9.57
12/31/2009,9.68
1/1/2010,9.68
1/2/2010,9.68
1/3/2010,9.68
1/4/2010,9.23
1/5/2010,9.15
1/6/2010,9.31
1/7/2010,9.05
1/8/2010,8.95
1/9/2010,8.95
1/10/2010,8.95
1/11/2010,9.1
1/12/2010,8.97
1/13/2010,9.54
1/14/2010,8.82
1/15/2010,8.89
1/16/2010,8.89
1/17/2010,8.89
1/18/2010,8.92
1/19/2010,8.77
1/20/2010,8.86
1/21/2010,8.71
1/22/2010,8.85
1/23/2010,8.85
1/24/2010,8.85
1/25/2010,8.77
1/26/2010,8.55
1/27/2010,8.74
1/28/2010,8.92
1/29/2010,8.98
1/30/2010,8.98
1/31/2010,8.98
2/1/2010,8.56
2/2/2010,8.49
2/3/2010,8.77
2/4/2010,8.71
2/5/2010,8.43
2/6/2010,8.43
2/7/2010,8.43
2/8/2010,8.44
2/9/2010,8.47
2/10/2010,8.5
2/11/2010,8.35
2/12/2010,8.57
2/13/2010,8.57
2/14/2010,8.57
2/15/2010,8.59
2/16/2010,8.3
2/17/2010,8.52
2/18/2010,8.53
2/19/2010,8.49
2/20/2010,8.49
2/21/2010,8.49
2/22/2010,8.7
2/23/2010,8.46
2/24/2010,8.71
2/25/2010,8.63
2/26/2010,8.83
2/27/2010,8.83
2/28/2010,8.83
3/1/2010,8.78
3/2/2010,8.8
3/3/2010,8.71
3/4/2010,8.86
3/5/2010,8.87
3/6/2010,8.87
3/7/2010,8.87
3/8/2010,8.64
3/9/2010,8.68
3/10/2010,8.69
3/11/2010,8.56
3/12/2010,8.69
3/13/2010,8.69
3/14/2010,8.69
3/15/2010,8.63
3/16/2010,8.67
3/17/2010,8.64
3/18/2010,8.53
3/19/2010,8.56
3/20/2010,8.56
3/21/2010,8.56
3/22/2010,8.47
3/23/2010,8.54
3/24/2010,8.54
3/25/2010,8.59
3/26/2010,8.57
3/27/2010,8.57
3/28/2010,8.57
3/29/2010,8.68
3/30/2010,8.67
3/31/2010,8.9
4/1/2010,8.9
4/2/2010,8.9
4/3/2010,8.9
4/4/2010,8.9
4/5/2010,8.61
4/6/2010,8.64
4/7/2010,8.53
4/8/2010,8.47
4/9/2010,8.78
4/10/2010,8.78
4/11/2010,8.78
4/12/2010,8.51
4/13/2010,8.79
4/14/2010,8.64
4/15/2010,8.53
4/16/2010,8.5
4/17/2010,8.5
4/18/2010,8.5
4/19/2010,8.61
4/20/2010,8.49
4/21/2010,8.57
4/22/2010,8.65
4/23/2010,8.56
4/24/2010,8.56
4/25/2010,8.56
4/26/2010,8.64
4/27/2010,8.75
4/28/2010,8.57
4/29/2010,8.8
4/30/2010,9.2
5/1/2010,9.2
5/2/2010,9.2
5/3/2010,8.77
5/4/2010,8.81
5/5/2010,8.77
5/6/2010,8.77
5/7/2010,8.81
5/8/2010,8.81
5/9/2010,8.81
5/10/2010,8.73
5/11/2010,8.73
5/12/2010,8.93
5/13/2010,8.88
5/14/2010,8.93
5/15/2010,8.93
5/16/2010,8.93
5/17/2010,8.75
5/18/2010,8.91
5/19/2010,8.79
5/20/2010,8.83
5/21/2010,9.09
5/22/2010,9.09
5/23/2010,9.09
5/24/2010,9.09
5/25/2010,9.09
5/26/2010,9.15
5/27/2010,8.91
5/28/2010,8.88
5/29/2010,8.88
5/30/2010,8.88
5/31/2010,9.19
6/1/2010,8.84
6/2/2010,8.91
6/3/2010,8.92
6/4/2010,9.11
6/5/2010,9.11
6/6/2010,9.11
6/7/2010,8.93
6/8/2010,8.92
6/9/2010,8.91
6/10/2010,8.75
6/11/2010,8.83
6/12/2010,8.83
6/13/2010,8.83
6/14/2010,8.93
6/15/2010,8.89
6/16/2010,8.97
6/17/2010,8.97
6/18/2010,9.02
6/19/2010,9.02
6/20/2010,9.02
6/21/2010,9.02
6/22/2010,9.05
6/23/2010,8.91
6/24/2010,9.06
6/25/2010,9.16
6/26/2010,9.16
6/27/2010,9.16
6/28/2010,9.16
6/29/2010,9.27
6/30/2010,9.48
7/1/2010,8.98
7/2/2010,9.15
7/3/2010,9.15
7/4/2010,9.15
7/5/2010,9.46
7/6/2010,9.18
7/7/2010,9.29
7/8/2010,9.34
7/9/2010,9.34
7/10/2010,9.34
7/11/2010,9.34
7/12/2010,9.28
7/13/2010,9.22
7/14/2010,9.45
7/15/2010,9.29
7/16/2010,9.28
7/17/2010,9.28
7/18/2010,9.28
7/19/2010,9.35
7/20/2010,9.33
7/21/2010,9.19
7/22/2010,9.24
7/23/2010,9.24
7/24/2010,9.24
7/25/2010,9.24
7/26/2010,9.32
7/27/2010,9.42
7/28/2010,9.26
7/29/2010,9.29
7/30/2010,9.5
7/31/2010,9.5
8/1/2010,9.5
8/2/2010,9.27
8/3/2010,9.18
8/4/2010,9.32
8/5/2010,9.19
8/6/2010,9.3
8/7/2010,9.3
8/8/2010,9.3
8/9/2010,9.23
8/10/2010,9.42
8/11/2010,9.21
8/12/2010,9.38
8/13/2010,9.32
8/14/2010,9.32
8/15/2010,9.32
8/16/2010,9.32
8/17/2010,9.18
8/18/2010,9.23
8/19/2010,9.21
8/20/2010,9.31
8/21/2010,9.31
8/22/2010,9.31
8/23/2010,9.38
8/24/2010,9.23
8/25/2010,9.33
8/26/2010,9.41
8/27/2010,9.4
8/28/2010,9.4
8/29/2010,9.4
8/30/2010,9.45
8/31/2010,9.94
9/1/2010,9.48
9/2/2010,9.32
9/3/2010,9.55
9/4/2010,9.55
9/5/2010,9.55
9/6/2010,9.54
9/7/2010,9.29
9/8/2010,9.35
9/9/2010,9.25
9/10/2010,9.32
9/11/2010,9.32
9/12/2010,9.32
9/13/2010,9.3
9/14/2010,9.22
9/15/2010,9.31
9/16/2010,9.25
9/17/2010,9.29
9/18/2010,9.29
9/19/2010,9.29
9/20/2010,9.33
9/21/2010,9.23
9/22/2010,9.29
9/23/2010,9.32
9/24/2010,9.39
9/25/2010,9.39
9/26/2010,9.39
9/27/2010,9.48
9/28/2010,9.67
9/29/2010,9.88
9/30/2010,10.77
10/1/2010,10.03
10/2/2010,10.03
10/3/2010,10.03
10/4/2010,10.03
10/5/2010,9.67
10/6/2010,9.72
10/7/2010,9.46
10/8/2010,9.59
10/9/2010,9.59
10/10/2010,9.59
10/11/2010,9.59
10/12/2010,9.56
10/13/2010,9.54
10/14/2010,9.66
10/15/2010,9.81
10/16/2010,9.81
10/17/2010,9.81
10/18/2010,10.19
10/19/2010,9.95
10/20/2010,9.92
10/21/2010,10.08
10/22/2010,10.87
10/23/2010,10.87
10/24/2010,10.87
10/25/2010,11.46
10/26/2010,11.62
10/27/2010,11.62
10/28/2010,11.37
10/29/2010,10.28
10/30/2010,10.28
10/31/2010,10.28
11/1/2010,10.02
11/2/2010,9.82
11/3/2010,9.63
11/4/2010,9.61
11/5/2010,9.64
11/6/2010,9.64
11/7/2010,9.64
11/8/2010,9.82
11/9/2010,9.33
11/10/2010,9.43
11/11/2010,9.32
11/12/2010,9.22
11/13/2010,9.22
11/14/2010,9.22
11/15/2010,9.31
11/16/2010,9.34
11/17/2010,9.64
11/18/2010,9.75
11/19/2010,9.4
11/20/2010,9.4
11/21/2010,9.4
11/22/2010,9.4
11/23/2010,9.36
11/24/2010,9.47
11/25/2010,9.53
11/26/2010,9.43
11/27/2010,9.43
11/28/2010,9.43
11/29/2010,9.69
11/30/2010,9.43
12/1/2010,9.56
12/2/2010,9.6
12/3/2010,9.59
12/4/2010,9.59
12/5/2010,9.59
12/6/2010,9.74
12/7/2010,9.58
12/8/2010,9.58
12/9/2010,9.64
12/10/2010,9.76
12/11/2010,9.76
12/12/2010,9.76
12/13/2010,9.53
12/14/2010,9.76
12/15/2010,9.97
12/16/2010,9.95
12/17/2010,9.74
12/18/2010,9.74
12/19/2010,9.74
12/20/2010,9.61
12/21/2010,9.75
12/22/2010,9.94
12/23/2010,9.99
12/24/2010,9.99
12/25/2010,9.99
12/26/2010,9.99
12/27/2010,10.05
12/28/2010,9.94
12/29/2010,10.3
12/30/2010,10.67
12/31/2010,10.67
1/1/2011,10.67
1/2/2011,10.67
1/3/2011,10.23
1/4/2011,9.85
1/5/2011,9.94
1/6/2011,9.72
1/7/2011,9.67
1/8/2011,9.67
1/9/2011,9.67
1/10/2011,9.92
1/11/2011,9.82
1/12/2011,9.86
1/13/2011,9.86
1/14/2011,9.9
1/15/2011,9.9
1/16/2011,9.9
1/17/2011,9.9
1/18/2011,10.05
1/19/2011,9.88
1/20/2011,10.16
1/21/2011,9.94
1/22/2011,9.94
1/23/2011,9.94
1/24/2011,9.86
1/25/2011,9.96
1/26/2011,9.88
1/27/2011,9.56
1/28/2011,10.25
1/29/2011,10.25
1/30/2011,10.25
1/31/2011,10.24
2/1/2011,9.64
2/2/2011,9.71
2/3/2011,9.79
2/4/2011,10.05
2/5/2011,10.05
2/6/2011,10.05
2/7/2011,9.51
2/8/2011,9.73
2/9/2011,9.65
2/10/2011,9.96
2/11/2011,9.82
2/12/2011,9.82
2/13/2011,9.82
2/14/2011,9.56
2/15/2011,9.62
2/16/2011,9.61
2/17/2011,9.88
2/18/2011,9.93
2/19/2011,9.93
2/20/2011,9.93
2/21/2011,9.6
2/22/2011,9.51
2/23/2011,9.56
2/24/2011,9.79
2/25/2011,9.85
2/26/2011,9.85
2/27/2011,9.85
2/28/2011,10.41
3/1/2011,9.93
3/2/2011,9.95
3/3/2011,10.17
3/4/2011,10.35
3/5/2011,10.35
3/6/2011,10.35
3/7/2011,10.35
3/8/2011,10.35
3/9/2011,9.96
3/10/2011,9.99
3/11/2011,10.37
3/12/2011,10.37
3/13/2011,10.37
3/14/2011,9.9
3/15/2011,10.26
3/16/2011,9.99
3/17/2011,9.77
3/18/2011,10.03
3/19/2011,10.03
3/20/2011,10.03
3/21/2011,10.05
3/22/2011,9.67
3/23/2011,9.53
3/24/2011,9.53
3/25/2011,9.53
3/26/2011,9.53
3/27/2011,9.53
3/28/2011,9.89
3/29/2011,9.84
3/30/2011,9.95
3/31/2011,10.28
4/1/2011,9.7
4/2/2011,9.7
4/3/2011,9.7
4/4/2011,10.22
4/5/2011,9.54
4/6/2011,9.5
4/7/2011,9.47
4/8/2011,9.75
4/9/2011,9.75
4/10/2011,9.75
4/11/2011,10.36
4/12/2011,9.49
4/13/2011,9.52
4/14/2011,9.35
4/15/2011,9.37
4/16/2011,9.37
4/17/2011,9.37
4/18/2011,10.18
4/19/2011,9.37
4/20/2011,9.57
4/21/2011,9.57
4/22/2011,9.57
4/23/2011,9.57
4/24/2011,9.57
4/25/2011,10.07
4/26/2011,9.29
4/27/2011,9.84
4/28/2011,10.07
4/29/2011,10.66
4/30/2011,10.66
5/1/2011,10.66
5/2/2011,9.64
5/3/2011,9.81
5/4/2011,9.85
5/5/2011,9.8
5/6/2011,9.83
5/7/2011,9.83
5/8/2011,9.83
5/9/2011,9.67
5/10/2011,9.5
5/11/2011,9.51
5/12/2011,9.44
5/13/2011,9.64
5/14/2011,9.64
5/15/2011,9.64
5/16/2011,9.51
5/17/2011,9.47
5/18/2011,9.56
5/19/2011,9.49
5/20/2011,9.71
5/21/2011,9.71
5/22/2011,9.71
5/23/2011,9.5
5/24/2011,9.55
5/25/2011,9.55
5/26/2011,9.48
5/27/2011,9.6
5/28/2011,9.6
5/29/2011,9.6
5/30/2011,10.37
5/31/2011,10.27
6/1/2011,9.57
6/2/2011,9.52
6/3/2011,9.53
6/4/2011,9.53
6/5/2011,9.53
6/6/2011,9.58
6/7/2011,9.48
6/8/2011,9.58
6/9/2011,9.5
6/10/2011,9.4
6/11/2011,9.4
6/12/2011,9.4
6/13/2011,9.52
6/14/2011,9.75
6/15/2011,9.76
6/16/2011,9.64
6/17/2011,9.52
6/18/2011,9.52
6/19/2011,9.52
6/20/2011,9.52
6/21/2011,9.77
6/22/2011,9.53
6/23/2011,9.68
6/24/2011,9.59
6/25/2011,9.59
6/26/2011,9.59
6/27/2011,9.9
6/28/2011,9.65
6/29/2011,10.13
6/30/2011,10.3
7/1/2011,10.18
7/2/2011,10.18
7/3/2011,10.18
7/4/2011,9.96
7/5/2011,9.59
7/6/2011,9.86
7/7/2011,9.66
7/8/2011,9.79
7/9/2011,9.79
7/10/2011,9.79
7/11/2011,9.99
7/12/2011,10.46
7/13/2011,12.03
7/14/2011,12.67
7/15/2011,12.28
7/16/2011,12.28
7/17/2011,12.28
7/18/2011,10.61
7/19/2011,9.92
7/20/2011,10.29
7/21/2011,9.67
7/22/2011,9.73
7/23/2011,9.73
7/24/2011,9.73
7/25/2011,10.1
7/26/2011,9.77
7/27/2011,10.22
7/28/2011,9.88
7/29/2011,11.09
7/30/2011,11.09
7/31/2011,11.09
8/1/2011,9.83
8/2/2011,9.58
8/3/2011,9.66
8/4/2011,9.7
8/5/2011,9.69
8/6/2011,9.69
8/7/2011,9.69
8/8/2011,9.58
8/9/2011,9.57
8/10/2011,9.64
8/11/2011,9.61
8/12/2011,9.38
8/13/2011,9.38
8/14/2011,9.38
8/15/2011,9.35
8/16/2011,9.42
8/17/2011,9.61
8/18/2011,9.46
8/19/2011,9.53
8/20/2011,9.53
8/21/2011,9.53
8/22/2011,9.53
8/23/2011,9.75
8/24/2011,9.48
8/25/2011,9.44
8/26/2011,10.2
8/27/2011,10.2
8/28/2011,10.2
8/29/2011,10.17
8/30/2011,9.68
8/31/2011,10.43
9/1/2011,9.92
9/2/2011,10.4
9/3/2011,10.4
9/4/2011,10.4
9/5/2011,9.76
9/6/2011,9.73
9/7/2011,9.84
9/8/2011,9.64
9/9/2011,9.84
9/10/2011,9.84
9/11/2011,9.84
9/12/2011,10
9/13/2011,10.62
9/14/2011,10.55
9/15/2011,9.73
9/16/2011,10.04
9/17/2011,10.04
9/18/2011,10.04
9/19/2011,10.01
9/20/2011,9.56
9/21/2011,9.85
9/22/2011,9.88
9/23/2011,9.91
9/24/2011,9.91
9/25/2011,9.91
9/26/2011,10.22
9/27/2011,9.77
9/28/2011,9.61
9/29/2011,9.69
9/30/2011,10.17
10/1/2011,10.17
10/2/2011,10.17
10/3/2011,10.13
10/4/2011,11.11
10/5/2011,10.69
10/6/2011,10.43
10/7/2011,10.67
10/8/2011,10.67
10/9/2011,10.67
10/10/2011,10.67
10/11/2011,11.43
10/12/2011,11.76
10/13/2011,12.91
10/14/2011,15.23
10/15/2011,15.23
10/16/2011,15.23
10/17/2011,16.28
10/18/2011,14.58
10/19/2011,12.84
10/20/2011,11.77
10/21/2011,11.03
10/22/2011,11.03
10/23/2011,11.03
10/24/2011,10.69
10/25/2011,10.2
10/26/2011,11.34
10/27/2011,10.49
10/28/2011,10.57
10/29/2011,10.57
10/30/2011,10.57
10/31/2011,12.25
11/1/2011,11.88
11/2/2011,11.12
11/3/2011,12.07
11/4/2011,10.9
11/5/2011,10.9
11/6/2011,10.9
11/7/2011,11.34
11/8/2011,10.89
11/9/2011,11.15
11/10/2011,11.6
11/11/2011,11.55
11/12/2011,11.55
11/13/2011,11.55
11/14/2011,12.29
11/15/2011,15.33
11/16/2011,13.73
11/17/2011,10.9
11/18/2011,11.01
11/19/2011,11.01
11/20/2011,11.01
11/21/2011,10.27
11/22/2011,10.59
11/23/2011,10.17
11/24/2011,10.3
11/25/2011,11.19
11/26/2011,11.19
11/27/2011,11.19
11/28/2011,11.19
11/29/2011,11.43
11/30/2011,10.08
12/1/2011,10.29
12/2/2011,10.35
12/3/2011,10.35
12/4/2011,10.35
12/5/2011,10.5
12/6/2011,10.21
12/7/2011,11.26
12/8/2011,11.26
12/9/2011,11.26
12/10/2011,11.26
12/11/2011,11.26
12/12/2011,10.88
12/13/2011,10.5
12/14/2011,10.19
12/15/2011,10.08
12/16/2011,9.9
12/17/2011,9.9
12/18/2011,9.9
12/19/2011,10.28
12/20/2011,9.96
12/21/2011,10.01
12/22/2011,10.27
12/23/2011,11.2
12/24/2011,11.2
12/25/2011,11.2
12/26/2011,11.2
12/27/2011,11.28
12/28/2011,9.67
12/29/2011,11.02
12/30/2011,10.22
12/31/2011,10.22
1/1/2012,10.22
1/2/2012,10.22
1/3/2012,10.54
1/4/2012,10.26
1/5/2012,9.92
1/6/2012,10.28
1/7/2012,10.28
1/8/2012,10.28
1/9/2012,9.66
1/10/2012,9.67
1/11/2012,9.53
1/12/2012,9.62
1/13/2012,9.84
1/14/2012,9.84
1/15/2012,9.84
1/16/2012,10.01
1/17/2012,9.57
1/18/2012,9.83
1/19/2012,9.92
1/20/2012,9.4
1/21/2012,9.4
1/22/2012,9.4
1/23/2012,10.19
1/24/2012,9.37
1/25/2012,9.43
1/26/2012,10.3
1/27/2012,9.74
1/28/2012,9.74
1/29/2012,9.74
1/30/2012,9.75
1/31/2012,10.31
2/1/2012,9.41
2/2/2012,10.02
2/3/2012,9.4
2/4/2012,9.4
2/5/2012,9.4
2/6/2012,9.65
2/7/2012,9.27
2/8/2012,9.25
2/9/2012,9.41
2/10/2012,9.52
2/11/2012,9.52
2/12/2012,9.52
2/13/2012,9.54
2/14/2012,9.28
2/15/2012,9.33
2/16/2012,9.77
2/17/2012,9.73
2/18/2012,9.73
2/19/2012,9.73
2/20/2012,9.73
2/21/2012,9.73
2/22/2012,10.07
2/23/2012,9.38
2/24/2012,9.35
2/25/2012,9.35
2/26/2012,9.35
2/27/2012,9.35
2/28/2012,10.41
2/29/2012,10.05
3/1/2012,10.19
3/2/2012,9.89
3/3/2012,9.89
3/4/2012,9.89
3/5/2012,10.11
3/6/2012,9.26
3/7/2012,9.49
3/8/2012,9.96
3/9/2012,11.28
3/10/2012,11.28
3/11/2012,11.28
3/12/2012,9.46
3/13/2012,9.42
3/14/2012,9.41
3/15/2012,10.61
3/16/2012,9.36
3/17/2012,9.36
3/18/2012,9.36
3/19/2012,9.62
3/20/2012,9.72
3/21/2012,9.32
3/22/2012,10.6
3/23/2012,10.46
3/24/2012,10.46
3/25/2012,10.46
3/26/2012,9.48
3/27/2012,9.41
3/28/2012,9.58
3/29/2012,10.69
3/30/2012,10.06
3/31/2012,10.06
4/1/2012,10.06
4/2/2012,10.06
4/3/2012,9.67
4/4/2012,10.56
4/5/2012,10.56
4/6/2012,10.56
4/7/2012,10.56
4/8/2012,10.56
4/9/2012,9.9
4/10/2012,9.75
4/11/2012,9.84
4/12/2012,9.52
4/13/2012,9.42
4/14/2012,9.42
4/15/2012,9.42
4/16/2012,9.33
4/17/2012,9.31
4/18/2012,9.4
4/19/2012,9.78
4/20/2012,9.2
4/21/2012,9.2
4/22/2012,9.2
4/23/2012,9.3
4/24/2012,9.25
4/25/2012,9.4
4/26/2012,9.69
4/27/2012,9.82
4/28/2012,9.82
4/29/2012,9.82
4/30/2012,9.82
5/1/2012,9.82
5/2/2012,9.68
5/3/2012,10.06
5/4/2012,9.64
5/5/2012,9.64
5/6/2012,9.64
5/7/2012,9.43
5/8/2012,9.21
5/9/2012,9.32
5/10/2012,9.65
5/11/2012,9.24
5/12/2012,9.24
5/13/2012,9.24
5/14/2012,9.42
5/15/2012,9.16
5/16/2012,9.16
5/17/2012,9.62
5/18/2012,9.18
5/19/2012,9.18
5/20/2012,9.18
5/21/2012,9.15
5/22/2012,9.12
5/23/2012,9.19
5/24/2012,9.55
5/25/2012,9.55
5/26/2012,9.55
5/27/2012,9.55
5/28/2012,9.55
5/29/2012,9.21
5/30/2012,9.41
5/31/2012,9.34
6/1/2012,9.57
6/2/2012,9.57
6/3/2012,9.57
6/4/2012,9.97
6/5/2012,9.72
6/6/2012,9.3
6/7/2012,10.18
6/8/2012,9.79
6/9/2012,9.79
6/10/2012,9.79
6/11/2012,9.62
6/12/2012,9.39
6/13/2012,9.4
6/14/2012,9.95
6/15/2012,9.4
6/16/2012,9.4
6/17/2012,9.4
6/18/2012,9.72
6/19/2012,9.88
6/20/2012,9.88
6/21/2012,9.98
6/22/2012,9.77
6/23/2012,9.77
6/24/2012,9.77
6/25/2012,9.49
6/26/2012,9.69
6/27/2012,9.57
6/28/2012,9.92
6/29/2012,10.01
6/30/2012,10.01
7/1/2012,10.01
7/2/2012,9.74
7/3/2012,9.59
7/4/2012,9.79
7/5/2012,9.61
7/6/2012,10.37
7/7/2012,10.37
7/8/2012,10.37
7/9/2012,10.37
7/10/2012,9.87
7/11/2012,9.47
7/12/2012,9.58
7/13/2012,10.96
7/14/2012,10.96
7/15/2012,10.96
7/16/2012,9.52
7/17/2012,10.29
7/18/2012,9.98
7/19/2012,9.51
7/20/2012,9.75
7/21/2012,9.75
7/22/2012,9.75
7/23/2012,9.37
7/24/2012,9.6
7/25/2012,9.62
7/26/2012,9.74
7/27/2012,9.69
7/28/2012,9.69
7/29/2012,9.69
7/30/2012,9.65
7/31/2012,10.1
8/1/2012,9.93
8/2/2012,9.85
8/3/2012,9.77
8/4/2012,9.77
8/5/2012,9.77
8/6/2012,9.82
8/7/2012,10.35
8/8/2012,9.67
8/9/2012,10.16
8/10/2012,9.85
8/11/2012,9.85
8/12/2012,9.85
8/13/2012,9.77
8/14/2012,10.33
8/15/2012,9.62
8/16/2012,9.61
8/17/2012,10.11
8/18/2012,10.11
8/19/2012,10.11
8/20/2012,10.11
8/21/2012,10.51
8/22/2012,9.63
8/23/2012,9.72
8/24/2012,9.89
8/25/2012,9.89
8/26/2012,9.89
8/27/2012,10.34
8/28/2012,9.7
8/29/2012,10.14
8/30/2012,9.99
8/31/2012,10.7
9/1/2012,10.7
9/2/2012,10.7
9/3/2012,9.94
9/4/2012,10.12
9/5/2012,9.71
9/6/2012,10.06
9/7/2012,10.44
9/8/2012,10.44
9/9/2012,10.44
9/10/2012,9.86
9/11/2012,10.02
9/12/2012,10.11
9/13/2012,9.81
9/14/2012,10.5
9/15/2012,10.5
9/16/2012,10.5
9/17/2012,9.92
9/18/2012,9.97
9/19/2012,9.8
9/20/2012,10.35
9/21/2012,10.6
9/22/2012,10.6
9/23/2012,10.6
9/24/2012,10.6
9/25/2012,10.16
9/26/2012,10.01
9/27/2012,10.25
9/28/2012,10.51
9/29/2012,10.51
9/30/2012,10.51
10/1/2012,10.36
10/2/2012,10.17
10/3/2012,10.49
10/4/2012,10.61
10/5/2012,11.06
10/6/2012,11.06
10/7/2012,11.06
10/8/2012,11.06
10/9/2012,10.25
10/10/2012,10.19
10/11/2012,10.73
10/12/2012,10.75
10/13/2012,10.75
10/14/2012,10.75
10/15/2012,10.07
10/16/2012,10.04
10/17/2012,10.05
10/18/2012,10.39
10/19/2012,10.14
10/20/2012,10.14
10/21/2012,10.14
10/22/2012,10.33
10/23/2012,10.11
10/24/2012,10.22
10/25/2012,10.37
10/26/2012,10.33
10/27/2012,10.33
10/28/2012,10.33
10/29/2012,10.45
10/30/2012,10.37
10/31/2012,11.08
11/1/2012,10.36
11/2/2012,10.71
11/3/2012,10.71
11/4/2012,10.71
11/5/2012,10.48
11/6/2012,10.48
11/7/2012,10.42
11/8/2012,10.25
11/9/2012,10.74
11/10/2012,10.74
11/11/2012,10.74
11/12/2012,10.56
11/13/2012,10.33
11/14/2012,10.08
11/15/2012,10.22
11/16/2012,10.07
11/17/2012,10.07
11/18/2012,10.07
11/19/2012,10.06
11/20/2012,10.91
11/21/2012,10.31
11/22/2012,10.4
11/23/2012,10.2
11/24/2012,10.2
11/25/2012,10.2
11/26/2012,10.2
11/27/2012,10.93
11/28/2012,10.21
11/29/2012,10.2
11/30/2012,10.25
12/1/2012,10.25
12/2/2012,10.25
12/3/2012,10.78
12/4/2012,10.33
12/5/2012,10.51
12/6/2012,10.62
12/7/2012,10.44
12/8/2012,10.44
12/9/2012,10.44
12/10/2012,10.58
12/11/2012,10.88
12/12/2012,10.9
12/13/2012,10.24
12/14/2012,10.46
12/15/2012,10.46
12/16/2012,10.46
12/17/2012,10.73
12/18/2012,10.67
12/19/2012,11.55
12/20/2012,11.32
12/21/2012,10.86
12/22/2012,10.86
12/23/2012,10.86
12/24/2012,10.86
12/25/2012,10.86
12/26/2012,11.44
12/27/2012,10.95
12/28/2012,11.67
12/29/2012,11.67
12/30/2012,11.67
12/31/2012,12.1
1/1/2013,12.1
1/2/2013,11.91
1/3/2013,11.53
1/4/2013,12.23
1/5/2013,12.23
1/6/2013,12.23
1/7/2013,11.73
1/8/2013,10.86
1/9/2013,11.2
1/10/2013,10.82
1/11/2013,11.71
1/12/2013,11.71
1/13/2013,11.71
1/14/2013,11.06
1/15/2013,10.67
1/16/2013,10.56
1/17/2013,10.49
1/18/2013,11.07
1/19/2013,11.07
1/20/2013,11.07
1/21/2013,11.29
1/22/2013,10.15
1/23/2013,10.57
1/24/2013,10.21
1/25/2013,10.66
1/26/2013,10.66
1/27/2013,10.66
1/28/2013,11.07
1/29/2013,10.4
1/30/2013,10.89
1/31/2013,10.89
2/1/2013,11.73
2/2/2013,11.73
2/3/2013,11.73
2/4/2013,11.72
2/5/2013,10.98
2/6/2013,11.07
2/7/2013,10.49
2/8/2013,11.24
2/9/2013,11.24
2/10/2013,11.24
2/11/2013,11.24
2/12/2013,11.24
2/13/2013,10.61
2/14/2013,10.1
2/15/2013,10.64
2/16/2013,10.64
2/17/2013,10.64
2/18/2013,11.93
2/19/2013,11.9
2/20/2013,11.9
2/21/2013,11.89
2/22/2013,11.1
2/23/2013,11.1
2/24/2013,11.1
2/25/2013,11.04
2/26/2013,11.07
2/27/2013,11.14
2/28/2013,11.43
3/1/2013,11.75
3/2/2013,11.75
3/3/2013,11.75
3/4/2013,12.48
3/5/2013,11.86
3/6/2013,11.44
3/7/2013,11.8
3/8/2013,11.45
3/9/2013,11.45
3/10/2013,11.45
3/11/2013,12.8
3/12/2013,12.36
3/13/2013,11.95
3/14/2013,12.07
3/15/2013,12
3/16/2013,12
3/17/2013,12
3/18/2013,12.17
3/19/2013,11.94
3/20/2013,11.74
3/21/2013,11.89
3/22/2013,11.93
3/23/2013,11.93
3/24/2013,11.93
3/25/2013,12.44
3/26/2013,12.08
3/27/2013,14.71
3/28/2013,14.71
3/29/2013,14.71
3/30/2013,14.71
3/31/2013,14.71
4/1/2013,14.71
4/2/2013,14.71
4/3/2013,15.33
4/4/2013,15.77
4/5/2013,14.54
4/6/2013,14.54
4/7/2013,14.54
4/8/2013,13.53
4/9/2013,11.8
4/10/2013,11.56
4/11/2013,11.48
4/12/2013,11.51
4/13/2013,11.51
4/14/2013,11.51
4/15/2013,11.75
4/16/2013,10.58
4/17/2013,10.69
4/18/2013,10.34
4/19/2013,10.28
4/20/2013,10.28
4/21/2013,10.28
4/22/2013,10.83
4/23/2013,10.34
4/24/2013,10.46
4/25/2013,10.5
4/26/2013,10.46
4/27/2013,10.46
4/28/2013,10.46
4/29/2013,11.39
4/30/2013,10.88
5/1/2013,10.88
5/2/2013,12.19
5/3/2013,14.62
5/4/2013,14.62
5/5/2013,14.62
5/6/2013,15.31
5/7/2013,14.4
5/8/2013,13.4
5/9/2013,12.64
5/10/2013,13.53
5/11/2013,13.53
5/12/2013,13.53
5/13/2013,14.15
5/14/2013,16.67
5/15/2013,17.33
5/16/2013,15.59
5/17/2013,15.52
5/18/2013,15.52
5/19/2013,15.52
5/20/2013,15.58
5/21/2013,14.36
5/22/2013,14.26
5/23/2013,13.68
5/24/2013,13.28
5/25/2013,13.28
5/26/2013,13.28
5/27/2013,12.35
5/28/2013,11.62
5/29/2013,10.85
5/30/2013,11.3
5/31/2013,11.42
6/1/2013,11.42
6/2/2013,11.42
6/3/2013,15.21
6/4/2013,14.67
6/5/2013,12.57
6/6/2013,12.46
6/7/2013,12.07
6/8/2013,12.07
6/9/2013,12.07
6/10/2013,12.38
6/11/2013,12.11
6/12/2013,12.08
6/13/2013,13.01
6/14/2013,13.51
6/15/2013,13.51
6/16/2013,13.51
6/17/2013,13.99
6/18/2013,14.02
6/19/2013,14.37
6/20/2013,14.37
6/21/2013,14.37
6/22/2013,14.37
6/23/2013,14.37
6/24/2013,14.15
6/25/2013,14.54
6/26/2013,13.82
6/27/2013,12.31
6/28/2013,13.42
6/29/2013,13.42
6/30/2013,13.42
7/1/2013,14.8
7/2/2013,16.02
7/3/2013,15.55
7/4/2013,14.94
7/5/2013,13.99
7/6/2013,13.99
7/7/2013,13.99
7/8/2013,13.71
7/9/2013,13.71
7/10/2013,13.73
7/11/2013,12.32
7/12/2013,13.05
7/13/2013,13.05
7/14/2013,13.05
7/15/2013,13.86
7/16/2013,14.97
7/17/2013,16.28
7/18/2013,13.94
7/19/2013,14.19
7/20/2013,14.19
7/21/2013,14.19
7/22/2013,13.18
7/23/2013,12.33
7/24/2013,12.87
7/25/2013,13.74
7/26/2013,14.28
7/27/2013,14.28
7/28/2013,14.28
7/29/2013,12.52
7/30/2013,10.72
7/31/2013,10.47
8/1/2013,13.86
8/2/2013,14.78
8/3/2013,14.78
8/4/2013,14.78
8/5/2013,13.99
8/6/2013,12.27
8/7/2013,13.18
8/8/2013,13.18
8/9/2013,14.03
8/10/2013,14.03
8/11/2013,14.03
8/12/2013,12.88
8/13/2013,12.76
8/14/2013,12.74
8/15/2013,12.74
8/16/2013,13.33
8/17/2013,13.33
8/18/2013,13.33
8/19/2013,13.33
8/20/2013,11.85
8/21/2013,10.54
8/22/2013,10.19
8/23/2013,10.68
8/24/2013,10.68
8/25/2013,10.68
8/26/2013,10.51
8/27/2013,10.58
8/28/2013,10.68
8/29/2013,10.69
8/30/2013,10.74
8/31/2013,10.74
9/1/2013,10.74
9/2/2013,13.57
9/3/2013,14.11
9/4/2013,13.21
9/5/2013,13.05
9/6/2013,13.36
9/7/2013,13.36
9/8/2013,13.36
9/9/2013,13.46
9/10/2013,12.87
9/11/2013,12.79
9/12/2013,11.92
9/13/2013,11.72
9/14/2013,11.72
9/15/2013,11.72
9/16/2013,12.87
9/17/2013,12.35
9/18/2013,11.78
9/19/2013,11.22
9/20/2013,11.12
9/21/2013,11.12
9/22/2013,11.12
9/23/2013,10.43
9/24/2013,10.59
9/25/2013,11.2
9/26/2013,12.63
9/27/2013,12.99
9/28/2013,12.99
9/29/2013,12.99
9/30/2013,12.98
10/1/2013,14.02
10/2/2013,14.42
10/3/2013,12.96
10/4/2013,13.02
10/5/2013,13.02
10/6/2013,13.02
10/7/2013,12.54
10/8/2013,12.31
10/9/2013,12.38
10/10/2013,11.98
10/11/2013,12.74
10/12/2013,12.74
10/13/2013,12.74
10/14/2013,12.74
10/15/2013,11.97
10/16/2013,12.31
10/17/2013,11.9
10/18/2013,12.51
10/19/2013,12.51
10/20/2013,12.51
10/21/2013,11.31
10/22/2013,11.4
10/23/2013,11.61
10/24/2013,12.37
10/25/2013,12.65
10/26/2013,12.65
10/27/2013,12.65
10/28/2013,12.07
10/29/2013,12.11
10/30/2013,11.65
10/31/2013,11.97
11/1/2013,14.23
11/2/2013,14.23
11/3/2013,14.23
11/4/2013,14.74
11/5/2013,16.3
11/6/2013,16.3
11/7/2013,16.51
11/8/2013,16
11/9/2013,16
11/10/2013,16
11/11/2013,15.47
11/12/2013,15.38
11/13/2013,16.11
11/14/2013,16.99
11/15/2013,17.98
11/16/2013,17.98
11/17/2013,17.98
11/18/2013,16.35
11/19/2013,16.21
11/20/2013,14.76
11/21/2013,14.76
11/22/2013,15.16
11/23/2013,15.16
11/24/2013,15.16
11/25/2013,15.16
11/26/2013,15.23
11/27/2013,14.02
11/28/2013,13.04
11/29/2013,14.09
11/30/2013,14.09
12/1/2013,14.09
12/2/2013,17.72
12/3/2013,17.75
12/4/2013,16.47
12/5/2013,15.9
12/6/2013,16.9
12/7/2013,16.9
12/8/2013,16.9
12/9/2013,16.05
12/10/2013,16.13
12/11/2013,15.91
12/12/2013,16.29
12/13/2013,17.53
12/14/2013,17.53
12/15/2013,17.53
12/16/2013,18.54
12/17/2013,19.42
12/18/2013,19.33
12/19/2013,18.67
12/20/2013,19.59
12/21/2013,19.59
12/22/2013,19.59
12/23/2013,22.16
12/24/2013,22.16
12/25/2013,22.16
12/26/2013,28.79
12/27/2013,28.24
12/28/2013,28.24
12/29/2013,28.24
12/30/2013,30.14
12/31/2013,30.14
1/1/2014,30.14
1/2/2014,22.56
1/3/2014,16.18
1/4/2014,16.18
1/5/2014,16.18
1/6/2014,16.07
1/7/2014,15.02
1/8/2014,15.12
1/9/2014,15.99
1/10/2014,15.6
1/11/2014,15.6
1/12/2014,15.6
1/13/2014,15.63
1/14/2014,16.98
1/15/2014,17.53
1/16/2014,18.03
1/17/2014,17.21
1/18/2014,17.21
1/19/2014,17.21
1/20/2014,17.02
1/21/2014,15.71
1/22/2014,14.57
1/23/2014,16.38
1/24/2014,15.9
1/25/2014,15.9
1/26/2014,15.9
1/27/2014,16.57
1/28/2014,17.28
1/29/2014,15.68
1/30/2014,15.05
1/31/2014,16.36
2/1/2014,16.36
2/2/2014,16.36
2/3/2014,15.17
2/4/2014,14.94
2/5/2014,16.25
2/6/2014,14.44
2/7/2014,14.37
2/8/2014,14.37
2/9/2014,14.37
2/10/2014,15.06
2/11/2014,14.15
2/12/2014,13.87
2/13/2014,15.53
2/14/2014,15.49
2/15/2014,15.49
2/16/2014,15.49
2/17/2014,15.02
2/18/2014,14.25
2/19/2014,13.64
2/20/2014,13.52
2/21/2014,13.28
2/22/2014,13.28
2/23/2014,13.28
2/24/2014,12.57
2/25/2014,12.78
2/26/2014,12.27
2/27/2014,12.84
2/28/2014,26.46
3/1/2014,26.46
3/2/2014,26.46
3/3/2014,26.46
3/4/2014,26.46
3/5/2014,26.58
3/6/2014,26.53
3/7/2014,21.27
3/8/2014,21.27
3/9/2014,21.27
3/10/2014,18.49
3/11/2014,19.25
3/12/2014,20.95
3/13/2014,20.01
3/14/2014,23.64
3/15/2014,23.64
3/16/2014,23.64
3/17/2014,22.5
3/18/2014,22.32
3/19/2014,22.59
3/20/2014,21.56
3/21/2014,18.3
3/22/2014,18.3
3/23/2014,18.3
3/24/2014,18.3
3/25/2014,13.27
3/26/2014,13.44
3/27/2014,13.14
3/28/2014,12.11
3/29/2014,12.11
3/30/2014,12.11
3/31/2014,12.37
4/1/2014,19.84
4/2/2014,19.84
4/3/2014,19.73
4/4/2014,15.88
4/5/2014,15.88
4/6/2014,15.88
4/7/2014,14.47
4/8/2014,14.05
4/9/2014,17.01
4/10/2014,16.49
4/11/2014,17.52
4/12/2014,17.52
4/13/2014,17.52
4/14/2014,18.81
4/15/2014,18.69
4/16/2014,15.51
4/17/2014,15.51
4/18/2014,15.51
4/19/2014,15.51
4/20/2014,15.51
4/21/2014,13.66
4/22/2014,12.3
4/23/2014,12.88
4/24/2014,12.36
4/25/2014,11.45
4/26/2014,11.45
4/27/2014,11.45
4/28/2014,11.48
4/29/2014,11.35
4/30/2014,17.58
5/1/2014,17.58
5/2/2014,17.58
5/3/2014,17.58
5/4/2014,17.58
5/5/2014,15.34
5/6/2014,16.25
5/7/2014,15.38
5/8/2014,15.16
5/9/2014,15.3
5/10/2014,15.3
5/11/2014,15.3
5/12/2014,15.13
5/13/2014,16.23
5/14/2014,24.17
5/15/2014,23.82
5/16/2014,21.39
5/17/2014,21.39
5/18/2014,21.39
5/19/2014,18.92
5/20/2014,18.53
5/21/2014,18.25
5/22/2014,18.76
5/23/2014,19.53
5/24/2014,19.53
5/25/2014,19.53
5/26/2014,17.18
5/27/2014,13.26
5/28/2014,12.57
5/29/2014,12.56
5/30/2014,12.78
5/31/2014,12.78
6/1/2014,12.78
6/2/2014,15.63
6/3/2014,16.19
6/4/2014,17.27
6/5/2014,17.47
6/6/2014,17.12
6/7/2014,17.12
6/8/2014,17.12
6/9/2014,17.26
6/10/2014,15.22
6/11/2014,15.69
6/12/2014,15.18
6/13/2014,18.49
6/14/2014,18.49
6/15/2014,18.49
6/16/2014,24.09
6/17/2014,29.12
6/18/2014,27.85
6/19/2014,25.62
6/20/2014,25.62
6/21/2014,25.62
6/22/2014,25.62
6/23/2014,24.43
6/24/2014,29.28
6/25/2014,31.71
6/26/2014,30.53
6/27/2014,27.51
6/28/2014,27.51
6/29/2014,27.51
6/30/2014,14.72
7/1/2014,18.86
7/2/2014,20.9
7/3/2014,19.28
7/4/2014,18.43
7/5/2014,18.43
7/6/2014,18.43
7/7/2014,17.22
7/8/2014,16.95
7/9/2014,16.95
7/10/2014,19.16
7/11/2014,17.63
7/12/2014,17.63
7/13/2014,17.63
7/14/2014,16.47
7/15/2014,16.15
7/16/2014,18.99
7/17/2014,15.33
7/18/2014,14.07
7/19/2014,14.07
7/20/2014,14.07
7/21/2014,13.18
7/22/2014,12.82
7/23/2014,13.6
7/24/2014,11.81
7/25/2014,13.28
7/26/2014,13.28
7/27/2014,13.28
7/28/2014,12.72
7/29/2014,13.93
7/30/2014,12.33
7/31/2014,13.23
8/1/2014,18.35
8/2/2014,18.35
8/3/2014,18.35
8/4/2014,21.3
8/5/2014,21.02
8/6/2014,21.75
8/7/2014,24.11
8/8/2014,22.67
8/9/2014,22.67
8/10/2014,22.67
8/11/2014,23.52
8/12/2014,21.87
8/13/2014,21.16
8/14/2014,23.86
8/15/2014,26.88
8/16/2014,26.88
8/17/2014,26.88
8/18/2014,26.88
8/19/2014,26.92
8/20/2014,19.76
8/21/2014,12.04
8/22/2014,11.62
8/23/2014,11.62
8/24/2014,11.62
8/25/2014,11.18
8/26/2014,10.32
8/27/2014,10.66
8/28/2014,12.65
8/29/2014,12.76
8/30/2014,11.94
8/31/2014,11.94
9/1/2014,18.84
9/2/2014,17.6
9/3/2014,16.46
9/4/2014,12.32
9/5/2014,12.57
9/6/2014,12.57
9/7/2014,12.57
9/8/2014,13.04
9/9/2014,13.21
9/10/2014,14.56
9/11/2014,13.78
9/12/2014,12.87
9/13/2014,12.87
9/14/2014,12.87
9/15/2014,12.75
9/16/2014,12.23
9/17/2014,17.79
9/18/2014,14.21
9/19/2014,12.45
9/20/2014,12.45
9/21/2014,12.45
9/22/2014,11.82
9/23/2014,10.35
9/24/2014,10.79
9/25/2014,10.61
9/26/2014,10.77
9/27/2014,10.77
9/28/2014,10.77
9/29/2014,11.82
9/30/2014,11.94
10/1/2014,20.82
10/2/2014,21.85
10/3/2014,24.93
10/4/2014,24.93
10/5/2014,24.93
10/6/2014,28.09
10/7/2014,28.98
10/8/2014,22.84
10/9/2014,24.88
10/10/2014,28.25
10/11/2014,28.25
10/12/2014,28.25
10/13/2014,28.25
10/14/2014,29.51
10/15/2014,27.02
10/16/2014,26.75
10/17/2014,26.76
10/18/2014,26.76
10/19/2014,26.76
10/20/2014,18.91
10/21/2014,17.63
10/22/2014,17.11
10/23/2014,16.9
10/24/2014,16.34
10/25/2014,16.34
10/26/2014,16.34
10/27/2014,14.35
10/28/2014,14
10/29/2014,14.24
10/30/2014,14.19
10/31/2014,15.69
11/1/2014,15.69
11/2/2014,15.69
11/3/2014,19.4
11/4/2014,19.16
11/5/2014,19.33
11/6/2014,19.33
11/7/2014,20.49
11/8/2014,20.49
11/9/2014,20.49
11/10/2014,19.56
11/11/2014,18.35
11/12/2014,18.24
11/13/2014,17.74
11/14/2014,20.15
11/15/2014,20.15
11/16/2014,20.15
11/17/2014,21.46
11/18/2014,21.03
11/19/2014,21.15
11/20/2014,21
11/21/2014,19.96
11/22/2014,19.96
11/23/2014,19.96
11/24/2014,19.96
11/25/2014,21.29
11/26/2014,22.17
11/27/2014,20.62
11/28/2014,18.54
11/29/2014,18.54
11/30/2014,18.54
12/1/2014,21.23
12/2/2014,20.26
12/3/2014,19.99
12/4/2014,19.73
12/5/2014,20.62
12/6/2014,20.62
12/7/2014,20.62
12/8/2014,20.62
12/9/2014,20.63
12/10/2014,21.19
12/11/2014,22.2
12/12/2014,22.44
12/13/2014,22.44
12/14/2014,22.44
12/15/2014,22.05
12/16/2014,21.3
12/17/2014,21.19
12/18/2014,21.33
12/19/2014,21.65
12/20/2014,21.65
12/21/2014,21.65
12/22/2014,22.17
12/23/2014,23.42
12/24/2014,25.08
12/25/2014,25.08
12/26/2014,25.08
12/27/2014,25.08
12/28/2014,25.08
12/29/2014,23.1
12/30/2014,26.72
12/31/2014,26.72
1/1/2015,26.72
1/2/2015,23.97
1/3/2015,23.97
1/4/2015,23.97
1/5/2015,21.44
1/6/2015,21.05
1/7/2015,20.57
1/8/2015,20.48
1/9/2015,21.17
1/10/2015,21.17
1/11/2015,21.17
1/12/2015,22.25
1/13/2015,23.99
1/14/2015,24.65
1/15/2015,24.58
1/16/2015,23.98
1/17/2015,23.98
1/18/2015,23.98
1/19/2015,22.35
1/20/2015,20.53
1/21/2015,22.12
1/22/2015,23.21
1/23/2015,24.16
1/24/2015,24.16
1/25/2015,24.16
1/26/2015,24.07
1/27/2015,24.91
1/28/2015,24.39
1/29/2015,23.21
1/30/2015,23.55
1/31/2015,23.55
2/1/2015,23.55
2/2/2015,23.21
2/3/2015,22.04
2/4/2015,22.12
2/5/2015,21.94
2/6/2015,21.94
2/7/2015,21.94
2/8/2015,21.94
2/9/2015,22.02
2/10/2015,21.99
2/11/2015,22.65
2/12/2015,22.38
2/13/2015,23.32
2/14/2015,23.32
2/15/2015,23.32
2/16/2015,23.32
2/17/2015,23.32
2/18/2015,23.33
2/19/2015,22.13
2/20/2015,19.87
2/21/2015,19.87
2/22/2015,19.87
2/23/2015,17.48
2/24/2015,15.74
2/25/2015,15.98
2/26/2015,15.78
2/27/2015,15.27
2/28/2015,15.27
3/1/2015,15.27
3/2/2015,22.92
3/3/2015,22.71
3/4/2015,23.04
3/5/2015,23.1
3/6/2015,22.76
3/7/2015,22.76
3/8/2015,22.76
3/9/2015,22.72
3/10/2015,22.98
3/11/2015,23.14
3/12/2015,23.57
3/13/2015,23.27
3/14/2015,23.27
3/15/2015,23.27
3/16/2015,22.71
3/17/2015,22.59
3/18/2015,21.34
3/19/2015,20.9
3/20/2015,19.11
3/21/2015,19.11
3/22/2015,19.11
3/23/2015,19.11
3/24/2015,19.11
3/25/2015,18.19
3/26/2015,17.53
3/27/2015,17.33
3/28/2015,17.33
3/29/2015,17.33
3/30/2015,18.27
3/31/2015,13.56
4/1/2015,23.57
4/2/2015,23.57
4/3/2015,23.57
4/4/2015,23.57
4/5/2015,23.57
4/6/2015,22.85
4/7/2015,22.17
4/8/2015,20.61
4/9/2015,19.51
4/10/2015,19.38
4/11/2015,19.38
4/12/2015,19.38
4/13/2015,19.93
4/14/2015,20.14
4/15/2015,19.75
4/16/2015,18.06
4/17/2015,15.42
4/18/2015,15.42
4/19/2015,15.42
4/20/2015,15.33
4/21/2015,14.81
4/22/2015,14.55
4/23/2015,14.32
4/24/2015,14.38
4/25/2015,14.38
4/26/2015,14.38
4/27/2015,14.37
4/28/2015,14.27
4/29/2015,14.22
4/30/2015,18.06
5/1/2015,18.06
5/2/2015,18.06
5/3/2015,18.06
5/4/2015,18.03
5/5/2015,17.03
5/6/2015,16.02
5/7/2015,16.36
5/8/2015,19.11
5/9/2015,19.11
5/10/2015,19.11
5/11/2015,19.65
5/12/2015,22.78
5/13/2015,24.59
5/14/2015,26.48
5/15/2015,27.35
5/16/2015,27.35
5/17/2015,27.35
5/18/2015,25.55
5/19/2015,23.13
5/20/2015,21.52
5/21/2015,22.66
5/22/2015,26.87
5/23/2015,26.87
5/24/2015,26.87
5/25/2015,26.87
5/26/2015,30.63
5/27/2015,24.87
5/28/2015,20.37
5/29/2015,21.09
5/30/2015,21.09
5/31/2015,21.09
6/1/2015,21.43
6/2/2015,21.4
6/3/2015,21.33
6/4/2015,20.95
6/5/2015,20.6
6/6/2015,20.6
6/7/2015,20.6
6/8/2015,19.19
6/9/2015,19.03
6/10/2015,18.23
6/11/2015,17.45
6/12/2015,17.65
6/13/2015,17.65
6/14/2015,17.65
6/15/2015,17.03
6/16/2015,16.5
6/17/2015,15.75
6/18/2015,15.17
6/19/2015,15.13
6/20/2015,15.13
6/21/2015,15.13
6/22/2015,15.05
6/23/2015,15.07
6/24/2015,19.68
6/25/2015,17.64
6/26/2015,16.78
6/27/2015,16.78
6/28/2015,16.78
6/29/2015,15.7
6/30/2015,16.34
7/1/2015,20.92
7/2/2015,20.13
7/3/2015,20.82
7/4/2015,20.82
7/5/2015,20.82
7/6/2015,20.54
7/7/2015,21.13
7/8/2015,20.94
7/9/2015,20.94
7/10/2015,23.62
7/11/2015,23.62
7/12/2015,23.62
7/13/2015,26.18
7/14/2015,26.85
7/15/2015,27.97
7/16/2015,28.96
7/17/2015,27.72
7/18/2015,27.72
7/19/2015,27.72
7/20/2015,27.62
7/21/2015,26.62
7/22/2015,25.28
7/23/2015,24.41
7/24/2015,24.76
7/25/2015,24.76
7/26/2015,24.76
7/27/2015,24.54
7/28/2015,22.58
7/29/2015,19.42
7/30/2015,19.07
7/31/2015,21.19
8/1/2015,21.19
8/2/2015,21.19
8/3/2015,23.34
8/4/2015,22.45
8/5/2015,22.4
8/6/2015,22.22
8/7/2015,21.93
8/8/2015,21.93
8/9/2015,21.93
8/10/2015,21.9
8/11/2015,21.3
8/12/2015,20.94
8/13/2015,20.01
8/14/2015,19.53
8/15/2015,19.53
8/16/2015,19.53
8/17/2015,19.53
8/18/2015,21
8/19/2015,21.64
8/20/2015,21.97
8/21/2015,22.54
8/22/2015,22.54
8/23/2015,22.54
8/24/2015,23.17
8/25/2015,23.98
8/26/2015,25.4
8/27/2015,27.98
8/28/2015,26.19
8/29/2015,26.19
8/30/2015,26.19
8/31/2015,22.05
9/1/2015,23.03
9/2/2015,23.75
9/3/2015,23.55
9/4/2015,22.88
9/5/2015,22.88
9/6/2015,22.88
9/7/2015,23.6
9/8/2015,23.56
9/9/2015,23.67
9/10/2015,23.84
9/11/2015,24.24
9/12/2015,24.24
9/13/2015,24.24
9/14/2015,23.75
9/15/2015,22.8
9/16/2015,22.67
9/17/2015,21.42
9/18/2015,21.14
9/19/2015,21.14
9/20/2015,21.14
9/21/2015,20.99
9/22/2015,20.6
9/23/2015,20.08
9/24/2015,19.33
9/25/2015,19.2
9/26/2015,19.2
9/27/2015,19.2
9/28/2015,19.37
9/29/2015,19.29
9/30/2015,19.08
10/1/2015,21.78
10/2/2015,22.37
10/3/2015,22.37
10/4/2015,22.37
10/5/2015,22.68
10/6/2015,22.91
10/7/2015,22.8
10/8/2015,22.54
10/9/2015,24.08
10/10/2015,24.08
10/11/2015,24.08
10/12/2015,24.08
10/13/2015,25.39
10/14/2015,28.83
10/15/2015,29.25
10/16/2015,29.87
10/17/2015,29.87
10/18/2015,29.87
10/19/2015,28.62
10/20/2015,28.21
10/21/2015,26.48
10/22/2015,24.64
10/23/2015,25
10/24/2015,25
10/25/2015,25
10/26/2015,23.21
10/27/2015,26.44
10/28/2015,23.94
10/29/2015,21.63
10/30/2015,21.89
10/31/2015,21.89
11/1/2015,21.89
11/2/2015,24.03
11/3/2015,24.46
11/4/2015,24.12
11/5/2015,23.09
11/6/2015,23.09
11/7/2015,23.09
11/8/2015,23.09
11/9/2015,22.1
11/10/2015,22.33
11/11/2015,22.58
11/12/2015,21.26
11/13/2015,21.79
11/14/2015,21.79
11/15/2015,21.79
11/16/2015,20.68
11/17/2015,20.3
11/18/2015,20.56
11/19/2015,20.15
11/20/2015,20.15
11/21/2015,20.15
11/22/2015,20.15
11/23/2015,20.43
11/24/2015,20.31
11/25/2015,21.15
11/26/2015,20.51
11/27/2015,20.51
11/28/2015,20.51
11/29/2015,20.51
11/30/2015,21.07
12/1/2015,26.22
12/2/2015,27.47
12/3/2015,27.36
12/4/2015,26.98
12/5/2015,26.98
12/6/2015,26.98
12/7/2015,26.98
12/8/2015,26.98
12/9/2015,24.34
12/10/2015,23.75
12/11/2015,24.97
12/12/2015,24.97
12/13/2015,24.97
12/14/2015,25.22
12/15/2015,31.05
12/16/2015,32.96
12/17/2015,30.41
12/18/2015,25.22
12/19/2015,25.22
12/20/2015,25.22
12/21/2015,22.82
12/22/2015,23.32
12/23/2015,23.49
12/24/2015,19.92
12/25/2015,19.92
12/26/2015,19.92
12/27/2015,19.92
12/28/2015,21.72
12/29/2015,21.58
12/30/2015,23.04
12/31/2015,21.61
1/1/2016,21.61
1/2/2016,21.61
1/3/2016,21.61
1/4/2016,21.11
1/5/2016,21.59
1/6/2016,22.93
1/7/2016,22.22
1/8/2016,20.67
1/9/2016,20.67
1/10/2016,20.67
1/11/2016,20.87
1/12/2016,21.58
1/13/2016,23.67
1/14/2016,26.4
1/15/2016,28.45
1/16/2016,28.45
1/17/2016,28.45
1/18/2016,29.33
1/19/2016,30.11
1/20/2016,30.85
1/21/2016,31.41
1/22/2016,30.38
1/23/2016,30.38
1/24/2016,30.38
1/25/2016,29.63
1/26/2016,27.74
1/27/2016,22.9
1/28/2016,20.85
1/29/2016,21.32
1/30/2016,21.32
1/31/2016,21.32
2/1/2016,21.23
2/2/2016,21.06
2/3/2016,22.43
2/4/2016,20.98
2/5/2016,20.07
2/6/2016,20.07
2/7/2016,20.07
2/8/2016,20.07
2/9/2016,20.07
2/10/2016,23.71
2/11/2016,24.77
2/12/2016,22.8
2/13/2016,22.8
2/14/2016,22.8
2/15/2016,22.21
2/16/2016,21.96
2/17/2016,27.26
2/18/2016,29.34
2/19/2016,29.7
2/20/2016,29.7
2/21/2016,29.7
2/22/2016,27.73
2/23/2016,27.34
2/24/2016,26.84
2/25/2016,23.71
2/26/2016,20.68
2/27/2016,20.68
2/28/2016,20.68
2/29/2016,29.87
3/1/2016,33.68
3/2/2016,32.45
3/3/2016,32.5
3/4/2016,33.02
3/5/2016,33.02
3/6/2016,33.02
3/7/2016,33.31
3/8/2016,33.42
3/9/2016,34.86
3/10/2016,35.91
3/11/2016,36.34
3/12/2016,36.34
3/13/2016,36.34
3/14/2016,38.45
3/15/2016,40.44
3/16/2016,38.57
3/17/2016,38.13
3/18/2016,38.03
3/19/2016,38.03
3/20/2016,38.03
3/21/2016,36.42
3/22/2016,38.38
3/23/2016,37.66
3/24/2016,37.66
3/25/2016,37.66
3/26/2016,37.66
3/27/2016,37.66
3/28/2016,34.13
3/29/2016,32.18
3/30/2016,31.19
3/31/2016,32.21
4/1/2016,35.84
4/2/2016,35.84
4/3/2016,35.84
4/4/2016,35.2
4/5/2016,35.58
4/6/2016,36.74
4/7/2016,36.4
4/8/2016,36.17
4/9/2016,36.17
4/10/2016,36.17
4/11/2016,36.76
4/12/2016,38.97
4/13/2016,37.82
4/14/2016,37.64
4/15/2016,37.46
4/16/2016,37.46
4/17/2016,37.46
4/18/2016,36.19
4/19/2016,37.39
4/20/2016,37.1
4/21/2016,38.5
4/22/2016,38.67
4/23/2016,38.67
4/24/2016,38.67
4/25/2016,37.43
4/26/2016,38.89
4/27/2016,37.78
4/28/2016,34.95
4/29/2016,34.23
4/30/2016,34.23
5/1/2016,34.23
5/2/2016,36.04
5/3/2016,37.12
5/4/2016,37
5/5/2016,37.29
5/6/2016,37.04
5/7/2016,37.04
5/8/2016,37.04
5/9/2016,36.09
5/10/2016,34.84
5/11/2016,35.66
5/12/2016,35.39
5/13/2016,35.12
5/14/2016,35.12
5/15/2016,35.12
5/16/2016,35.32
5/17/2016,35.38
5/18/2016,34.9
5/19/2016,33.73
5/20/2016,33.22
5/21/2016,33.22
5/22/2016,33.22
5/23/2016,32.55
5/24/2016,32.35
5/25/2016,32.35
5/26/2016,32.2
5/27/2016,31.95
5/28/2016,31.95
5/29/2016,31.95
5/30/2016,31.23
5/31/2016,31.97
6/1/2016,35.93
6/2/2016,35.91
6/3/2016,36.51
6/4/2016,36.51
6/5/2016,36.51
6/6/2016,35.09
6/7/2016,35.51
6/8/2016,32.18
6/9/2016,31.66
6/10/2016,33.05
6/11/2016,33.05
6/12/2016,33.05
6/13/2016,33.22
6/14/2016,34.22
6/15/2016,32.74
6/16/2016,30.74
6/17/2016,30.74
6/18/2016,30.74
6/19/2016,30.74
6/20/2016,30.74
6/21/2016,30.33
6/22/2016,28.43
6/23/2016,28.36
6/24/2016,28.27
6/25/2016,28.27
6/26/2016,28.27
6/27/2016,28.16
6/28/2016,28.44
6/29/2016,27.62
6/30/2016,27.89
7/1/2016,28.55
7/2/2016,28.55
7/3/2016,28.55
7/4/2016,28.23
7/5/2016,29.38
7/6/2016,29.16
7/7/2016,29.09
7/8/2016,29.09
7/9/2016,29.09
7/10/2016,29.09
7/11/2016,28.29
7/12/2016,29.17
7/13/2016,29.53
7/14/2016,29.47
7/15/2016,29.25
7/16/2016,29.25
7/17/2016,29.25
7/18/2016,29.02
7/19/2016,29.67
7/20/2016,29.74
7/21/2016,29.55
7/22/2016,29.41
7/23/2016,29.41
7/24/2016,29.41
7/25/2016,29.45
7/26/2016,29.76
7/27/2016,28.96
7/28/2016,27.96
7/29/2016,27.82
7/30/2016,27.82
7/31/2016,27.82
8/1/2016,27.96
8/2/2016,28.15
8/3/2016,28.76
8/4/2016,28.82
8/5/2016,29.19
8/6/2016,29.19
8/7/2016,29.19
8/8/2016,28.76
8/9/2016,29.87
8/10/2016,29.7
8/11/2016,29.34
8/12/2016,28.72
8/13/2016,28.72
8/14/2016,28.72
8/15/2016,28.72
8/16/2016,28.95
8/17/2016,28.9
8/18/2016,28.74
8/19/2016,28.19
8/20/2016,28.19
8/21/2016,28.19
8/22/2016,28.08
8/23/2016,28.32
8/24/2016,28.49
8/25/2016,28.25
8/26/2016,27.67
8/27/2016,27.67
8/28/2016,27.67
8/29/2016,26.33
8/30/2016,26.79
8/31/2016,26.49
9/1/2016,27.82
9/2/2016,27.38
9/3/2016,27.38
9/4/2016,27.38
9/5/2016,26.75
9/6/2016,27.56
9/7/2016,27.45
9/8/2016,27.28
9/9/2016,27.31
9/10/2016,27.31
9/11/2016,27.31
9/12/2016,28.2
9/13/2016,29.12
9/14/2016,28.2
9/15/2016,27.64
9/16/2016,27.67
9/17/2016,27.67
9/18/2016,27.67
9/19/2016,26.9
9/20/2016,27.04
9/21/2016,26.24
9/22/2016,26.15
9/23/2016,26.38
9/24/2016,26.38
9/25/2016,26.38
9/26/2016,26.38
9/27/2016,27.13
9/28/2016,25.93
9/29/2016,23.9
9/30/2016,24.89
10/1/2016,24.89
10/2/2016,24.89
10/3/2016,26.6
10/4/2016,26.77
10/5/2016,26.57
10/6/2016,26.75
10/7/2016,27.09
10/8/2016,27.09
10/9/2016,27.09
10/10/2016,27.09
10/11/2016,26.9
10/12/2016,26.37
10/13/2016,26.28
10/14/2016,26.33
10/15/2016,26.33
10/16/2016,26.33
10/17/2016,26.49
10/18/2016,26.19
10/19/2016,26.26
10/20/2016,25.99
10/21/2016,25.96
10/22/2016,25.96
10/23/2016,25.96
10/24/2016,26.18
10/25/2016,26.31
10/26/2016,25.45
10/27/2016,25.15
10/28/2016,24.39
10/29/2016,24.39
10/30/2016,24.39
10/31/2016,24.06
11/1/2016,25.19
11/2/2016,25.46
11/3/2016,25.36
11/4/2016,25.33
11/5/2016,25.33
11/6/2016,25.33
11/7/2016,25.43
11/8/2016,25.91
11/9/2016,26.61
11/10/2016,27.52
11/11/2016,28.69
11/12/2016,28.69
11/13/2016,28.69
11/14/2016,29.12
11/15/2016,29.15
11/16/2016,25.49
11/17/2016,23.73
11/18/2016,23.18
11/19/2016,23.18
11/20/2016,23.18
11/21/2016,23.52
11/22/2016,23.71
11/23/2016,24.59
11/24/2016,25.39
11/25/2016,26.75
11/26/2016,26.75
11/27/2016,26.75
11/28/2016,26.75
11/29/2016,24.95
11/30/2016,23.74
12/1/2016,23.66
12/2/2016,23.75
12/3/2016,23.75
12/4/2016,23.75
12/5/2016,24.78
12/6/2016,24.78
12/7/2016,24.03
12/8/2016,24.03
12/9/2016,24.03
12/10/2016,24.03
12/11/2016,24.03
12/12/2016,23.57
12/13/2016,24.76
12/14/2016,24.49
12/15/2016,24.18
12/16/2016,23.84
12/17/2016,23.84
12/18/2016,23.84
12/19/2016,23.88
12/20/2016,24.62
12/21/2016,24.17
12/22/2016,24.09
12/23/2016,24.9
12/24/2016,24.9
12/25/2016,24.9
12/26/2016,25.98
12/27/2016,26.07
12/28/2016,25.92
12/29/2016,25.76
12/30/2016,25.72
12/31/2016,25.72
1/1/2017,25.72
1/2/2017,24.48
1/3/2017,24.17
1/4/2017,23.76
1/5/2017,23.81
1/6/2017,23.64
1/7/2017,23.64
1/8/2017,23.64
1/9/2017,23.67
1/10/2017,24.2
1/11/2017,24.16
1/12/2017,23.91
1/13/2017,23.76
1/14/2017,23.76
1/15/2017,23.76
1/16/2017,24.01
1/17/2017,24.1
1/18/2017,24.12
1/19/2017,23.96
1/20/2017,24.06
1/21/2017,24.06
1/22/2017,24.06
1/23/2017,24.42
1/24/2017,24.31
1/25/2017,24.4
1/26/2017,24.32
1/27/2017,24.28
1/28/2017,24.28
1/29/2017,24.28
1/30/2017,24.17
1/31/2017,24.17
2/1/2017,24.21
2/2/2017,24.1
2/3/2017,24.02
2/4/2017,24.02
2/5/2017,24.02
2/6/2017,23.97
2/7/2017,23.89
2/8/2017,23.76
2/9/2017,23.66
2/10/2017,23.65
2/11/2017,23.65
2/12/2017,23.65
2/13/2017,23.59
2/14/2017,23.45
2/15/2017,23.35
2/16/2017,23.12
2/17/2017,23.09
2/18/2017,23.09
2/19/2017,23.09
2/20/2017,23.25
2/21/2017,23.22
2/22/2017,23.17
2/23/2017,23.05
2/24/2017,23.41
2/25/2017,23.41
2/26/2017,23.41
2/27/2017,23.41
2/28/2017,23.41
3/1/2017,23.25
3/2/2017,22.93
3/3/2017,22.88
3/4/2017,22.88
3/5/2017,22.88
3/6/2017,22.91
3/7/2017,22.55
3/8/2017,22.59
3/9/2017,22.89
3/10/2017,22.66
3/11/2017,22.66
3/12/2017,22.66
3/13/2017,22.6
3/14/2017,22.53
3/15/2017,22.73
3/16/2017,22.61
3/17/2017,22.5
3/18/2017,22.5
3/19/2017,22.5
3/20/2017,22.77
3/21/2017,22.89
3/22/2017,22.87
3/23/2017,22.84
3/24/2017,22.84
3/25/2017,22.84
3/26/2017,22.84
3/27/2017,22.68
3/28/2017,22.87
3/29/2017,22.92
3/30/2017,22.98
3/31/2017,23.24
4/1/2017,23.24
4/2/2017,23.24
4/3/2017,22.99
4/4/2017,23.04
4/5/2017,23.03
4/6/2017,23.75
4/7/2017,23.01
4/8/2017,23.01
4/9/2017,23.01
4/10/2017,23.15
4/11/2017,23.16
4/12/2017,24.2
4/13/2017,24.2
4/14/2017,24.2
4/15/2017,24.2
4/16/2017,24.2
4/17/2017,24.21
4/18/2017,24.54
4/19/2017,24.26
4/20/2017,24.38
4/21/2017,24.39
4/22/2017,24.39
4/23/2017,24.39
4/24/2017,24.59
4/25/2017,24.53
4/26/2017,24.45
4/27/2017,24.67
4/28/2017,24.69
4/29/2017,24.69
4/30/2017,24.69
5/1/2017,24.69
5/2/2017,24.79
5/3/2017,24.69
5/4/2017,24.75
5/5/2017,24.62
5/6/2017,24.62
5/7/2017,24.62
5/8/2017,24.59
5/9/2017,24.64
5/10/2017,24.25
5/11/2017,24.42
5/12/2017,24.34
5/13/2017,24.34
5/14/2017,24.34
5/15/2017,24.66
5/16/2017,24.3
5/17/2017,24.41
5/18/2017,23.76
5/19/2017,24.32
5/20/2017,24.32
5/21/2017,24.32
5/22/2017,24.05
5/23/2017,23.58
5/24/2017,24.16
5/25/2017,24.16
5/26/2017,24.35
5/27/2017,24.35
5/28/2017,24.35
5/29/2017,24.85
5/30/2017,24.98
5/31/2017,25.4
6/1/2017,25.18
6/2/2017,25.13
6/3/2017,25.13
6/4/2017,25.13
6/5/2017,25.23
6/6/2017,25.2
6/7/2017,25.08
6/8/2017,24.97
6/9/2017,25.02
6/10/2017,25.02
6/11/2017,25.02
6/12/2017,25.1
6/13/2017,25.1
6/14/2017,25.17
6/15/2017,25.03
6/16/2017,24.4
6/17/2017,24.4
6/18/2017,24.4
6/19/2017,24.42
6/20/2017,24.42
6/21/2017,24.3
6/22/2017,24.23
6/23/2017,24.82
6/24/2017,24.82
6/25/2017,24.82
6/26/2017,25.01
6/27/2017,24.33
6/28/2017,24.51
6/29/2017,24.31
6/30/2017,24.66
7/1/2017,24.66
7/2/2017,24.66
7/3/2017,24.59
7/4/2017,24.58
7/5/2017,24.88
7/6/2017,24.72
7/7/2017,24.83
7/8/2017,24.83
7/9/2017,24.83
7/10/2017,25.15
7/11/2017,24.9
7/12/2017,24.57
7/13/2017,24.89
7/14/2017,25.63
7/15/2017,25.63
7/16/2017,25.63
7/17/2017,25.3
7/18/2017,26.14
7/19/2017,24.35
7/20/2017,23.97
7/21/2017,24.5
7/22/2017,24.5
7/23/2017,24.5
7/24/2017,25.22
7/25/2017,25.77
7/26/2017,25.64
7/27/2017,25.7
7/28/2017,25.95
7/29/2017,25.95
7/30/2017,25.95
7/31/2017,26.26
8/1/2017,26.48
8/2/2017,26.29
8/3/2017,26.15
8/4/2017,26.16
8/5/2017,26.16
8/6/2017,26.16
8/7/2017,25.95
8/8/2017,25.97
8/9/2017,26.07
8/10/2017,26.48
8/11/2017,27.01
8/12/2017,27.01
8/13/2017,27.01
8/14/2017,26.55
8/15/2017,27.18
8/16/2017,25.51
8/17/2017,25.48
8/18/2017,25.57
8/19/2017,25.57
8/20/2017,25.57
8/21/2017,25.57
8/22/2017,25.13
8/23/2017,25.17
8/24/2017,25.51
8/25/2017,25.61
8/26/2017,25.61
8/27/2017,25.61
8/28/2017,25.89
8/29/2017,25.78
8/30/2017,25.52
8/31/2017,26.51
9/1/2017,26.81
9/2/2017,26.81
9/3/2017,26.81
9/4/2017,26.66
9/5/2017,26.75
9/6/2017,26.66
9/7/2017,26.6
9/8/2017,26.63
9/9/2017,26.63
9/10/2017,26.63
9/11/2017,26.47
9/12/2017,26.85
9/13/2017,27.02
9/14/2017,27.08
9/15/2017,27.2
9/16/2017,27.2
9/17/2017,27.2
9/18/2017,27.18
9/19/2017,27.3
9/20/2017,26.5
9/21/2017,25.94
9/22/2017,25.61
9/23/2017,25.61
9/24/2017,25.61
9/25/2017,25.61
9/26/2017,25.44
9/27/2017,25.51
9/28/2017,25.17
9/29/2017,25.58
9/30/2017,25.58
10/1/2017,25.58
10/2/2017,25.68
10/3/2017,25.94
10/4/2017,26.19
10/5/2017,25.91
10/6/2017,25.66
10/7/2017,25.66
10/8/2017,25.66
10/9/2017,25.51
10/10/2017,25.75
10/11/2017,26.03
10/12/2017,25.85
10/13/2017,26
10/14/2017,26
10/15/2017,26
10/16/2017,26
10/17/2017,25.84
10/18/2017,25.63
10/19/2017,25.44
10/20/2017,25.54
10/21/2017,25.54
10/22/2017,25.54
10/23/2017,25.53
10/24/2017,25.5
10/25/2017,26.58
10/26/2017,26.88
10/27/2017,26.81
10/28/2017,26.81
10/29/2017,26.81
10/30/2017,26.8
10/31/2017,26.98
11/1/2017,27.6
11/2/2017,27.49
11/3/2017,27.35
11/4/2017,27.35
11/5/2017,27.35
11/6/2017,27.35
11/7/2017,27.26
11/8/2017,27.58
11/9/2017,27.97
11/10/2017,27.86
11/11/2017,27.86
11/12/2017,27.86
11/13/2017,27.99
11/14/2017,28.31
11/15/2017,28.64
11/16/2017,27.98
11/17/2017,27.91
11/18/2017,27.91
11/19/2017,27.91
11/20/2017,27.91
11/21/2017,28.09
11/22/2017,27.95
11/23/2017,28.48
11/24/2017,28.51
11/25/2017,28.51
11/26/2017,28.51
11/27/2017,28.53
11/28/2017,28.21
11/29/2017,27.76
11/30/2017,28.36
12/1/2017,28.64
12/2/2017,28.64
12/3/2017,28.64
12/4/2017,28.86
12/5/2017,29.21
12/6/2017,29.9
12/7/2017,29.97
12/8/2017,29.97
12/9/2017,29.97
12/10/2017,29.97
12/11/2017,30.21
12/12/2017,30.13
12/13/2017,30.31
12/14/2017,30.86
12/15/2017,30.72
12/16/2017,30.72
12/17/2017,30.72
12/18/2017,30.55
12/19/2017,30.44
12/20/2017,28.55
12/21/2017,27.08
12/22/2017,26.64
12/23/2017,26.64
12/24/2017,26.64
12/25/2017,26.64
12/26/2017,27.1
12/27/2017,27.58
12/28/2017,27.88
12/29/2017,28.21
12/30/2017,28.21
12/31/2017,28.21
1/1/2018,28.21
1/2/2018,28.06
1/3/2018,28
1/4/2018,27.89
1/5/2018,28.04
1/6/2018,28.04
1/7/2018,28.04
1/8/2018,27.75
1/9/2018,28.05
1/10/2018,27.62
1/11/2018,27.97
1/12/2018,28.3
1/13/2018,28.3
1/14/2018,28.3
1/15/2018,28.08
1/16/2018,27.97
1/17/2018,27.42
1/18/2018,27.58
1/19/2018,27.23
1/20/2018,27.23
1/21/2018,27.23
1/22/2018,27.1
1/23/2018,27.33
1/24/2018,26.7
1/25/2018,26.99
1/26/2018,27.42
1/27/2018,27.42
1/28/2018,27.42
1/29/2018,26.92
1/30/2018,26.78
1/31/2018,26.84
2/1/2018,26.79
2/2/2018,26.98
2/3/2018,26.98
2/4/2018,26.98
2/5/2018,27.26
2/6/2018,26.88
2/7/2018,26.79
2/8/2018,26.82
2/9/2018,27
2/10/2018,27
2/11/2018,27
2/12/2018,27
2/13/2018,27
2/14/2018,27.21
2/15/2018,27.64
2/16/2018,28.1
2/17/2018,28.1
2/18/2018,28.1
2/19/2018,27.15
2/20/2018,27.97
2/21/2018,26.76
2/22/2018,26.58
2/23/2018,26.65
2/24/2018,26.65
2/25/2018,26.65
2/26/2018,26.79
2/27/2018,26.67
2/28/2018,27.18
3/1/2018,26.58
3/2/2018,26.89
3/3/2018,26.89
3/4/2018,26.89
3/5/2018,26.59
3/6/2018,26.52
3/7/2018,26.14
3/8/2018,26.46
3/9/2018,26.78
3/10/2018,26.78
3/11/2018,26.78
3/12/2018,26.6
3/13/2018,26.55
3/14/2018,26.5
3/15/2018,26.53
3/16/2018,26.86
3/17/2018,26.86
3/18/2018,26.86
3/19/2018,26.48
3/20/2018,26.67
3/21/2018,26.41
3/22/2018,26.75
3/23/2018,26.5
3/24/2018,26.5
3/25/2018,26.5
3/26/2018,26.64
3/27/2018,26.52
3/28/2018,26.8
3/29/2018,26.8
3/30/2018,26.8
3/31/2018,26.8
4/1/2018,26.8
4/2/2018,26.8
4/3/2018,26.8
4/4/2018,27.02
4/5/2018,26.72
4/6/2018,26.79
4/7/2018,26.79
4/8/2018,26.79
4/9/2018,26.7
4/10/2018,26.72
4/11/2018,26.51
4/12/2018,26.38
4/13/2018,26.29
4/14/2018,26.29
4/15/2018,26.29
4/16/2018,26.57
4/17/2018,26.55
4/18/2018,26.55
4/19/2018,26.46
4/20/2018,26.27
4/21/2018,26.27
4/22/2018,26.27
4/23/2018,26.28
4/24/2018,26.72
4/25/2018,27.23
4/26/2018,28.33
4/27/2018,30.93
4/28/2018,30.93
4/29/2018,30.93
4/30/2018,30.93
5/1/2018,30.93
5/2/2018,31.32
5/3/2018,33.03
5/4/2018,33.35
5/5/2018,33.35
5/6/2018,33.35
5/7/2018,33.86
5/8/2018,37.9
5/9/2018,38.32
5/10/2018,42.31
5/11/2018,55.13
5/12/2018,55.13
5/13/2018,55.13
5/14/2018,43.83
5/15/2018,43.15
5/16/2018,37.53
5/17/2018,35.04
5/18/2018,35.62
5/19/2018,35.62
5/20/2018,35.62
5/21/2018,36.37
5/22/2018,37.11
5/23/2018,37.32
5/24/2018,37.5
5/25/2018,37.5
5/26/2018,37.5
5/27/2018,37.5
5/28/2018,38.33
5/29/2018,37.51
5/30/2018,37.49
5/31/2018,37.92
6/1/2018,37.51
6/2/2018,37.51
6/3/2018,37.51
6/4/2018,37.4
6/5/2018,37.2
6/6/2018,36.24
6/7/2018,35.82
6/8/2018,36.42
6/9/2018,36.42
6/10/2018,36.42
6/11/2018,40
6/12/2018,40